Sl No,SPIN ID,Item Name,L1,IM Images,UOM,Instamart URL,amazon_url,amazon_mrp,amazon_sale_price,amazon_quantity,amazon_uom
1,0XD6AR4Z08,Patanjali Kesh Kanti Advance Herbal Hair Expert Oil 100 ml,Bath Body and Hair,0,100ml,https://www.swiggy.com/stores/instamart/p/0XD6AR4Z08?custom_back=true,https://www.amazon.in/sspa/click?ie=UTF8&spc=MTo3OTkxNDQ2NzkzODY4NzU2OjE3NDUzMjM0NzU6c3BfYXRmOjMwMDQ5MzM1OTU4MzYzMjo6MDo6&url=%2FPatanjali-kanti-Herbal-Expert-100ml%2Fdp%2FB0CBV2YJ1Y%2Fref%3Dsr_1_1_sspa%3Fdib%3DeyJ2IjoiMSJ9.cvsknN_XHxatg-8P6ZNVgW5Vcnl8ks5nIpgtBt3qv-3RVGcBmo0QbS6bjJXuvCvwYE0iC2cuBXF-ESe_phwlOPvvBkI84LJnciaxpm_n6jXu-at-DA9AqCZoo9yR7SA4KaTgHj3xz7WkNpH2Brq4cfeNFZlRghsElzCb9vL60-QtW1lDB6yr-yU3KN_v0fIVirhf7Uui887R-qsS7Pw3o_U7Flr4J5dno2IxiG4eLTmCNaHaAGRMiTvytnu_hF947zDOG0f9NI0PYscAm6-WKrQELEmt9_VSIzRBJSQkROs.kFv_RttV_uieAeUBvQNL7AfeqAAdgLCZoXiayEzHBz8%26dib_tag%3Dse%26keywords%3DPatanjali%2BKesh%2BKanti%2BAdvance%2BHerbal%2BHair%2BExpert%2BOil%2B100%2Bml%2B100ml%26qid%3D1745323475%26sr%3D8-1-spons%26sp_csd%3Dd2lkZ2V0TmFtZT1zcF9hdGY%26psc%3D1,N/A,328.,100,ml
2,5E0HASUBUJ,Crocs Womens Splash Slides Black,Footwear,https://instamart-media-assets.swiggy.com/swiggy/image/upload/NI_CATALOG/IMAGES/CIW/2024/2/28/5037892c-4d61-4063-9cbb-4e75e3ace0d0_BeltsWalletsBagsinstamax_W11ADHVRAD_MN.PNG,1Piece,https://www.swiggy.com/stores/instamart/p/5E0HASUBUJ?custom_back=true,https://www.amazon.in/crocs-Splash-Black-Slide-208361-001/dp/B0B4SGCP2K/ref=sr_1_1?dib=eyJ2IjoiMSJ9.Jck67PFY-oWirKT2Wv7HdqSZXm-dOPLCES6d0yk6z167tYjBHFX6DRUA2h9ZiAhk0gr3HRYBCUnxmKvXxq6CHwDhxRZo9U6R8ILgagU37n3U6Cruji6bqtQ_ytRZVUWjJZlQEhU2xZEOHgttiCaN5auNwCXvXSiwzeZznypzeaj6TelMlqqjJodty82u6ec_HQqZcgGNWac3ENLJNXCduUa9FiUd6dnuQISpPt1SQDu0TWuvYO-qFE4vEjnkZewf1bYKgIcs0LUkBFKYmknzRpVrA8uBqFOFcbIFVs6ZxIU.Kdj3fs7lmY4C3_Vyn41UneaAd3PkHMFwqGrMEpk9h2s&dib_tag=se&keywords=Crocs+Womens+Splash+Slides+Black+1Piece&nsdOptOutParam=true&qid=1745323484&sr=8-1,N/A,2995,N/A,N/A
3,X5P53X35HD,Crocs Womens Boca Wedge Flip Flop Black,Footwear,https://instamart-media-assets.swiggy.com/swiggy/image/upload/NI_CATALOG/IMAGES/CIW/2024/2/22/f1fa7c9f-d0b8-4a36-8710-a8befbbf15dd_BeltsWalletsBagsinstamax_850PROKJ9W_MN.png,1Piece,https://www.swiggy.com/stores/instamart/p/X5P53X35HD?custom_back=true,https://www.amazon.in/sspa/click?ie=UTF8&spc=MTo0NTk5MjE0Mjg0Mzc0NDY1OjE3NDUzMjM0ODQ6c3BfYXRmOjMwMDA3NDMyNzYzMzEzMjo6MDo6&url=%2Fslippers-comfortable-stylish-exciting-Bubbles%2Fdp%2FB09X66QDRY%2Fref%3Dsr_1_1_sspa%3Fdib%3DeyJ2IjoiMSJ9.VORKG_aH09Y6x33tbmMrEf7LK3rFbyzDZiSSgVvnEFEFtMAQnTV4nBRCy4bSCLL-DewHydbetA_x2UP1hFIudtOoUfq5wGw4mQnxg9bJ9Cf1Nho1Fu8DELeTE071x07SoTEQYHfhciL2JOuiI2E6uFWN-sDZME6bOQOCjqNHdrjLqNesrCt1rpVJn0DGJ748nxMNatpBCbjtdDqtm4GHY6DzmZRJmv61FKg1W1tPPaIE-jJFQvM8J1btBdXpXuDmFHBLtcATXcgij44nnKBPj0r3cesUAt0mIrXU1am8Rig.jGicI3dperixu4TFsxbfh21xhG516iOIYe5AtVCQxGc%26dib_tag%3Dse%26keywords%3DCrocs%2BWomens%2BBoca%2BWedge%2BFlip%2BFlop%2BBlack%2B1Piece%26nsdOptOutParam%3Dtrue%26qid%3D1745323484%26sr%3D8-1-spons%26sp_csd%3Dd2lkZ2V0TmFtZT1zcF9hdGY%26psc%3D1,N/A,496,N/A,N/A
4,QRKD13ZY2Q,Mad Over Print Super Sis Black Tshirt,Clothing,https://instamart-media-assets.swiggy.com/swiggy/image/upload/NI_CATALOG/IMAGES/CIW/2024/7/11/e715020c-e277-4894-9ef7-f4b69e16c555_FashionClothing_QRKD13ZY2Q_MN.png,1Medium,https://www.swiggy.com/stores/instamart/p/QRKD13ZY2Q?custom_back=true,https://www.amazon.in/sspa/click?ie=UTF8&spc=MToyNzczNzgzNTk1Mzg1OTk5OjE3NDUzMjM0ODg6c3BfYXRmOjMwMDQ4MzMxNzkzMTAzMjo6MDo6&url=%2FWHATSOEVER-Brand-Oversized-Shoulder-Graphic%2Fdp%2FB0DPMP7D1K%2Fref%3Dsr_1_1_sspa%3Fdib%3DeyJ2IjoiMSJ9.qFlaq7rT_LtjIRtScwwYNQasVzYDbk49JVLmsFEbXf7dZwaCjTWP99pD2tYzJhK74oeByEEZ7Quk9pgHwEhdGekPV1-IlwfgH7I2aGB4eOl9j4iFz5WfvbEhEjSXTwdwwjKWlv8GKqEPhK9BbdO8pn-YZ7pon0ly1Crnhd_5T3rINO2zcYDfQBH1nkkxc_FnFfACU44BbmsoM2ppOYr5g00jeh1Ot780iECQxYvHyWdMp5WvACAnBti4nlpVNqEpOGPI24IEATHPPnJdz2tkZFbV9ibgTRyJsnZKvyTqSzQ.WodZU3E8GAnQY6eMdko4FWUEIBR9msXb-uFcaJMxwWI%26dib_tag%3Dse%26keywords%3DMad%2BOver%2BPrint%2BSuper%2BSis%2BBlack%2BTshirt%2B1Medium%26nsdOptOutParam%3Dtrue%26qid%3D1745323487%26sr%3D8-1-spons%26sp_csd%3Dd2lkZ2V0TmFtZT1zcF9hdGY%26psc%3D1,N/A,898,N/A,N/A
5,KTDUI4LQZN,Crocs Mens Crocband Flip Flop Graphite/Volt Green,Footwear,https://instamart-media-assets.swiggy.com/swiggy/image/upload/NI_CATALOG/IMAGES/CIW/2024/2/22/e363ea12-a7c6-499e-b696-731ba8d3f7aa_BeltsWalletsBagsinstamax_VDIK9OO28I_MN.jpg,3UK,https://www.swiggy.com/stores/instamart/p/KTDUI4LQZN?custom_back=true,https://www.amazon.in/sspa/click?ie=UTF8&spc=MTo3MTI2NTA0NzQ1MTM1MDk4OjE3NDUzMjM0OTI6c3BfYXRmOjMwMDA3NDI3NzY2NzQzMjo6MDo6&url=%2FYOHO-slippers-comfortable-stylish-exciting%2Fdp%2FB0B53HFBYH%2Fref%3Dsr_1_1_sspa%3Fdib%3DeyJ2IjoiMSJ9.zB7_y_xQYKZYYVxwf3d4I04kvduSEVsV5xG3S8KUu9m9UiTLZQOR5pnmoGBTciCWfqVl5eEaOwcmLtzc3vSGKKacKi8JPYojUamUqi7HSThpn0jzAXJO9JqK2SK-xfWBZ1slOH2EdcXcnu-26HYkKHMEHq_ZPF-Irwwjg4vvp20wSPqhCRqMftLt7sG3eNImIyuB1jVCByUmOuE2bwQkzcBYdFycYMd4_mytf6F6ru1M8Aq-9bcwEkOH5NP6aOU6v6C_N0D2Ltox_ZVe_EKHn8GLxH-77LNn4TcOTfp0uvc.SnxkeIi_1fhAXUIcTL_1ywfcmFviJMyoQFCMJ_liejU%26dib_tag%3Dse%26keywords%3DCrocs%2BMens%2BCrocband%2BFlip%2BFlop%2BGraphite%252FVolt%2BGreen%2B3UK%26nsdOptOutParam%3Dtrue%26qid%3D1745323492%26sr%3D8-1-spons%26sp_csd%3Dd2lkZ2V0TmFtZT1zcF9hdGY%26psc%3D1,N/A,482,N/A,N/A
6,T4W4PZJR7X,Crocs Womens Splash Studded Flip Flop Red_UK5,Footwear,https://instamart-media-assets.swiggy.com/swiggy/image/upload/NI_CATALOG/IMAGES/CIW/2024/2/28/70cce53d-953e-47e7-840e-a1f1a9fd4c5b_BeltsWalletsBagsinstamax_J45KXFTCPW_MN.PNG,5UK,https://www.swiggy.com/stores/instamart/p/T4W4PZJR7X?custom_back=true,https://www.amazon.in/sspa/click?ie=UTF8&spc=MToyNTgxODQzMTA3NjA3NzI4OjE3NDUzMjM0OTU6c3BfYXRmOjMwMDA3NDMyNzYzMjkzMjo6MDo6&url=%2FYOHO-Slippers-Comfortable-Exciting-Lightweight%2Fdp%2FB09X5PXRLD%2Fref%3Dsr_1_1_sspa%3Fdib%3DeyJ2IjoiMSJ9.Yn7zu2v3IIn_vZiAwyaaMloaQPfwjFpP_STemrulYV3wC6neyHZjFIv_lFJOKCjowyR7YRRtCgboQmM9mNKqhxXTMAlaVy41R7BRBhmifgntwpF-0keaBcXXBbczqYmmPqoHiL_aSSe_ukBWNaquM5C70YkwnqVOXTvrFx3BwCDF-2oLfTj7ktsrid3qyfBNnD5RYVJ3PmjZYWP3eI8xI_vVG33XY0k64AiCNa4D7QRvoSLJ7MM29mseG4G-7pQnafvDJ0tEK0pvW0D96Dy7K3SNquU-PVOaOYytyFOAskU.6UT5cEdWYAbvhplut44xRId-b05WJ5-VMrqnD0PwRcg%26dib_tag%3Dse%26keywords%3DCrocs%2BWomens%2BSplash%2BStudded%2BFlip%2BFlop%2BRed_UK5%2B5UK%26nsdOptOutParam%3Dtrue%26qid%3D1745323495%26sr%3D8-1-spons%26sp_csd%3Dd2lkZ2V0TmFtZT1zcF9hdGY%26psc%3D1,N/A,496,N/A,N/A
7,W4LX4W4HAL,Crocs Mens Classic All-Terrain Flip Flop Yellow,Footwear,https://instamart-media-assets.swiggy.com/swiggy/image/upload/aa2c705ee0a42434404c18dbb1793941,8UK,https://www.swiggy.com/stores/instamart/p/W4LX4W4HAL?custom_back=true,https://www.amazon.in/sspa/click?ie=UTF8&spc=MTozMjAxMzEwOTk1Nzk0NjA3OjE3NDUzMjM0OTk6c3BfYXRmOjMwMDUyNDg1Nzk3MzgzMjo6MDo6&url=%2FLUDIC-Collection-CloudFrame-Technology-Ultra-Soft%2Fdp%2FB0F29SYB4Q%2Fref%3Dsr_1_1_sspa%3Fdib%3DeyJ2IjoiMSJ9.7K2ax_crn-XlsX6dduvgzIApQgDVLUnDLOYfBggFZ0HnVNpTBZBNxUkJihtNnFd9A9ABrLsFaoKf9uXeEV1Fw5zWczkVztdSqglxy6-lVxhzTWHjx2QmN7EFBxd9psxTTK0mmrKhwzJmiSZ_Q1-D-Nq26XH5g1j6vdBnhYmVqEfd6FLygARpxlFOAo2L0XchjdIbYKg-tqTcidlrxeObyuMj_mRtwmR4VuKqwCGmXy37zhd3vUYGnFhzlyI6TRPrn6gLxhskbRGVYe6XjB6qCGHvz0yVBFj3cxhDZSYngIU.pDx5UrK-EfO9MEQrpOQDD1jxiRKfh1r-24dsUW8CI3s%26dib_tag%3Dse%26keywords%3DCrocs%2BMens%2BClassic%2BAll-Terrain%2BFlip%2BFlop%2BYellow%2B8UK%26nsdOptOutParam%3Dtrue%26qid%3D1745323499%26sr%3D8-1-spons%26sp_csd%3Dd2lkZ2V0TmFtZT1zcF9hdGY%26psc%3D1,N/A,1999,N/A,N/A
8,CE75R4DF79,Flite Slippers FL0366L Navy Pink- 6 UK,Footwear,https://instamart-media-assets.swiggy.com/swiggy/image/upload/NI_CATALOG/IMAGES/CIW/2024/12/18/e87737b9-4768-4660-bd23-5e18a50d5fa9_65013_1.png,1Piece,https://www.swiggy.com/stores/instamart/p/CE75R4DF79?custom_back=true,https://www.amazon.in/sspa/click?ie=UTF8&spc=MToyMzk0NzEzNTQzNzMxMTk6MTc0NTMyMzUwMzpzcF9hdGY6MzAwMDczMTEyOTcwNTMyOjowOjo&url=%2FYOHO-comfortable-slippers-Lightweight-Waterproof%2Fdp%2FB0BRL2SLLD%2Fref%3Dsr_1_1_sspa%3Fdib%3DeyJ2IjoiMSJ9.kO3Oz8ywHlPtWvoujmMiQRCZUhsXno56IFlkAggLo-tzZysnLROQMquiiu2nnArOfqkRv9mC_vrvVbmqUNF6ssnZf0ubY0USNUsfkL7bY2IsytdsiBU0UIEGaeQ-lAyGMjGDc84XXQfpNJ8VPPI7PYYAdbWnIlTCwwZ3ybQQROB4KT9ewtFj8e6dVRa8bDEYbt5lEQIUDGAEauuT5zy1E_8435JW8fbaCnrPZ7_JBOWoCVTOOWgn9EN7r6Wm0Hc2Ij-a2ZIXANc-nWI19CEHJKYvQg7JC2Qu13KqmXQbRlc.xTmd0QbwPv1Nzd73JgNKrZGG71Is1Uexz35zZ3Dxc3Q%26dib_tag%3Dse%26keywords%3DFlite%2BSlippers%2BFL0366L%2BNavy%2BPink-%2B6%2BUK%2B1Piece%26nsdOptOutParam%3Dtrue%26qid%3D1745323502%26sr%3D8-1-spons%26sp_csd%3Dd2lkZ2V0TmFtZT1zcF9hdGY%26psc%3D1,N/A,549,N/A,N/A
9,7HKNXXYEJC,Flite Slippers FL0366L Navy Pink- 7 UK,Footwear,https://instamart-media-assets.swiggy.com/swiggy/image/upload/NI_CATALOG/IMAGES/CIW/2024/12/18/9375f718-3f23-4855-82a6-b86eb2638b00_79754_5.png,7UK,https://www.swiggy.com/stores/instamart/p/7HKNXXYEJC?custom_back=true,https://www.amazon.in/sspa/click?ie=UTF8&spc=MTo1MzgxMTA5MzUwNDM5NDMzOjE3NDUzMjM1MDc6c3BfYXRmOjMwMDUxNDA5MTA0NTEzMjo6MDo6&url=%2FHEALTH-FIT-Flip-Flops-Comfortable-Lightweight%2Fdp%2FB0F26ZXNRL%2Fref%3Dsr_1_1_sspa%3Fdib%3DeyJ2IjoiMSJ9.jJ2E1ejVeYHqOTOPi9r_MlOHw0V6L1ICvL9dTwP3BnxOPH2w86FHrTSnaoRMKsPjAGmW79xhwJpP7p58L75EwTkjsbmJ5yj9YL8W4VsvFwSKHgQg3M9OCGiDgdpYLsAHUDZTIxLahsqvq-nrHsFDRP33ZnEcCrf80GktvWNrtDpL5AcVV_Z4sUkW5vmOyxMFAI5FKzKCU00kiz9RaNnyLjSxEyXtC-Md4YHnZVG-ypO2KAXm0dLhes1iwvGUBfi0UhnYzCj5nZo8SmBiEwA5M_VZe8FwVrLQIzlYqSG5CQc.Phy0lOrLb04isiXXfFL4D-Lf9OHyagCoNXkSCk8BdZ0%26dib_tag%3Dse%26keywords%3DFlite%2BSlippers%2BFL0366L%2BNavy%2BPink-%2B7%2BUK%2B7UK%26nsdOptOutParam%3Dtrue%26qid%3D1745323507%26sr%3D8-1-spons%26sp_csd%3Dd2lkZ2V0TmFtZT1zcF9hdGY%26psc%3D1,N/A,599,N/A,N/A
10,KPFIUJFTMY,Crocs Classic Crocs Marbled Sandal Brown,Footwear,https://instamart-media-assets.swiggy.com/swiggy/image/upload/NI_CATALOG/IMAGES/CIW/2024/4/15/05b2ab71-e215-48fa-858b-178feb7fd151_BeltsWalletsBagsinstamax_LJX0D2IR0B_MN.PNG,10UK,https://www.swiggy.com/stores/instamart/p/KPFIUJFTMY?custom_back=true,https://www.amazon.in/sspa/click?ie=UTF8&spc=MTo0MDA4MDYwNjA4MTczMjI2OjE3NDUzMjM1MDk6c3BfYXRmOjMwMDUxNDc2Njc2MTQzMjo6MDo6&url=%2FImpakto-Adjustable-Comfortable-Lightweight-Waterproof%2Fdp%2FB0F1XVYV3H%2Fref%3Dsr_1_1_sspa%3Fdib%3DeyJ2IjoiMSJ9.pQOYlFnpv1qh8ih8BUafMAQRSzr4IwG22g9KKm9sCsnnXm2Aq5SYZQbBoLmz0ExdwbsX-9I2nxo2k6AKOfm6UzU8BXX64xO16KZlPOqZuvnAdHCzFBfchjyTmYPo_GNUlL3usxZvXvO8YwRz-NaHx5ze13G5CYxLecrpu4cYepn54WMP4hS2p8NmomEGy1een3GAlSYeInoGxDEtLWx-5vbyezT149ZOrzC12dupI7M1sBZxM2gY3Tc92JgQx9zHYzzQZoefInEuwl9A8SACR68o_x7ES7ysqp_hJnUwWcs.jinSBvPnn1dzITEOKc5WFds5gSGtfUxWNqQISznOAew%26dib_tag%3Dse%26keywords%3DCrocs%2BClassic%2BCrocs%2BMarbled%2BSandal%2BBrown%2B10UK%26nsdOptOutParam%3Dtrue%26qid%3D1745323509%26sr%3D8-1-spons%26sp_csd%3Dd2lkZ2V0TmFtZT1zcF9hdGY%26psc%3D1,N/A,599,N/A,N/A
11,18AZIHYB9C,Crocs Womens Flip Flop Black_6_UK,Footwear,https://instamart-media-assets.swiggy.com/swiggy/image/upload/NI_CATALOG/IMAGES/CIW/2024/3/27/78f613ae-bc5f-467d-bf7d-2d406c81cd54_BeltsWalletsBagsinstamax_WF9VKW144Y_MN.JPG,1Piece,https://www.swiggy.com/stores/instamart/p/18AZIHYB9C?custom_back=true,https://www.amazon.in/sspa/click?ie=UTF8&spc=MToyNzcyMjUzMjUwNzM0NDoxNzQ1MzIzNTE0OnNwX2F0ZjozMDAwNzQzMjc2NDA0MzI6OjA6Og&url=%2FYOHO-slippers-comfortable-stylish-exciting%2Fdp%2FB0B642RMCT%2Fref%3Dsr_1_1_sspa%3Fdib%3DeyJ2IjoiMSJ9.AYbEmAU-oL27qaaHaJjAO5aQ_2sfTYiQaG4WqswFOOy8NMWtEk0dJrcbjc1BYOIFj1RjYnz-w7y8giGOsDMsiimeRjck6KEXkzX-uv0Gvqs6BtJvWJ1r7wHze4jes7lbYWUjvXu0TxQhQWwpOkux6cz7K8vdPKzNsIXk5qCv1Movnc8D3E5RvRIewoQBdtdZBn9WNkjA-IoSBTQVYEHN4UjwUiKPcaIQ-H50MY_Wtt2EEcFNEBB1ZmbXzZc9kDHlGFeTOMIgNfOK93bj0DlCXvlsVMLNHTa0jz26y3heBiI.hs1IdwXzglaExy5tS5oAU77X5v4_aZCveoec0CuB-Z8%26dib_tag%3Dse%26keywords%3DCrocs%2BWomens%2BFlip%2BFlop%2BBlack_6_UK%2B1Piece%26nsdOptOutParam%3Dtrue%26qid%3D1745323514%26sr%3D8-1-spons%26sp_csd%3Dd2lkZ2V0TmFtZT1zcF9hdGY%26psc%3D1,N/A,496,N/A,N/A
12,P1RTN37BFS,Crocs Mens Classic Animal Remix Flip Flop Black,Footwear,https://instamart-media-assets.swiggy.com/swiggy/image/upload/NI_CATALOG/IMAGES/CIW/2024/2/22/be308e1a-f94a-420d-8a3f-089aa76e217c_BeltsWalletsBagsinstamax_3XJJ68R1CJ_MN.jpg,10UK,https://www.swiggy.com/stores/instamart/p/P1RTN37BFS?custom_back=true,https://www.amazon.in/sspa/click?ie=UTF8&spc=MTo2NzE0NTgzOTE1ODc3MDY0OjE3NDUzMjM1MTY6c3BfYXRmOjMwMDUzMTcyNzI1MzczMjo6MDo6&url=%2FSIR-CORBETT-Lightweight-Waterproof-Slippers%2Fdp%2FB0F29KRPLV%2Fref%3Dsr_1_1_sspa%3Fdib%3DeyJ2IjoiMSJ9.OyEhGhK6u6OUeqPBROCa8svnU7UC_IZRX2FBEz5J8PSnc11jFsudtYM_r4YPXYOgcD5vCmjdcz1z8mFWXgf5gwA8fkBQZho1GJmPCHtXxpGl9eEcHlWv-9yRgy_BOb0MSXAdOHURZ5GOT-EuHzSQDn3VQp8kD_qme2xNE6HbW8_fia8gjtj91cZ9ld4TRXN1PXwpUsQzrS-tYNG2P3w7uApTSS69O0RYxJhHgNNGRfTKhFhfXLD-f7TnGIA-23slxdvzYz5lAMisWiRla_i4cVPnxhbocp8DKCCfvshs32s.dva6UQ-JsfRNyee2XRzValyUAwSd4vmIB0q69wenxHA%26dib_tag%3Dse%26keywords%3DCrocs%2BMens%2BClassic%2BAnimal%2BRemix%2BFlip%2BFlop%2BBlack%2B10UK%26nsdOptOutParam%3Dtrue%26qid%3D1745323516%26sr%3D8-1-spons%26sp_csd%3Dd2lkZ2V0TmFtZT1zcF9hdGY%26psc%3D1,N/A,699,N/A,N/A
13,W89HR56BGQ,Crocs Womens Classic Platform Flip Flop White,Footwear,https://instamart-media-assets.swiggy.com/swiggy/image/upload/NI_CATALOG/IMAGES/CIW/2025/1/28/4a9568ef-4786-495f-a28f-1db1dbfb7b1e_80920_1.png,4UK,https://www.swiggy.com/stores/instamart/p/W89HR56BGQ?custom_back=true,https://www.amazon.in/sspa/click?ie=UTF8&spc=MTo4NTExMzI5MTgxMjYxNDM3OjE3NDUzMjM1MjE6c3BfYXRmOjMwMDA3NDMyNzY0MDQzMjo6MDo6&url=%2FYOHO-slippers-comfortable-stylish-exciting%2Fdp%2FB0B642RMCT%2Fref%3Dsr_1_1_sspa%3Fdib%3DeyJ2IjoiMSJ9.Kl4gKoCgXYRG4FT-pBdKuU7LRcqFjnhsyl4dSLaq4zCQ01-RQQ1XJV9K0Znz6TUfpCmlnm0h4HON8XuPYPgnpFQ1eNzfNsRHYm0XqK2CPozKG8aMWntaqso2f3AGgLW15Yyh0qwV0Wa1fdj1o5Ifwl-3p8lQ03EVVaRrjPg0ADrTjKAuIQ442mY-t7flcCuaUVbxicpMR1nQ1r6eTUQWcVmfnsoHPdmUkMh6P9yFl801-jU9yjxvWApTnnHJ1pheHQoUiDDJNNb5v_B6gYKonCjlRc3zcHD-2HvCr32w3zQ.uiwdq545TRWQIcBs44MjBotVyNqb_vAZm9lSlNfohqE%26dib_tag%3Dse%26keywords%3DCrocs%2BWomens%2BClassic%2BPlatform%2BFlip%2BFlop%2BWhite%2B4UK%26nsdOptOutParam%3Dtrue%26qid%3D1745323520%26sr%3D8-1-spons%26sp_csd%3Dd2lkZ2V0TmFtZT1zcF9hdGY%26psc%3D1,N/A,496,N/A,N/A
14,BMQ2O32KFH,Patanjali Dant Kanti Fresh Active Gel Toothpaste Crystal,Hygiene and Wellness,https://instamart-media-assets.swiggy.com/swiggy/image/upload/NI_CATALOG/IMAGES/CIW/2024/12/6/0373f658-b9de-4816-8647-77d383d5056c_184512_1.png,300g,https://www.swiggy.com/stores/instamart/p/BMQ2O32KFH?custom_back=true,https://www.amazon.in/sspa/click?ie=UTF8&spc=MTo2NzM2NTI2MTA3NDYzMTE2OjE3NDUzMjM1MjU6c3BfYXRmOjMwMDQ0NzIwMTEyODIzMjo6MDo6&url=%2FParodontax-Fluoride-Toothpaste-Protection-Problems%2Fdp%2FB09JLNL36K%2Fref%3Dsr_1_1_sspa%3Fdib%3DeyJ2IjoiMSJ9.lZNUdf9ov21c2HiLphEmxwsQVwHCG2E51MXdIHZSjBeFyLyRW4gOyd5wkunSLrAyCc3KVkRlhyvgwljSYS5fGkoognISWPhpXSH-8UMR5xnmpP2tseKLNj3SpZPSIXxPI5I77f6gQVBNbmvEGxoOWz3Bw7qfJZeUwxOZSqmSZ6Kz3k-HtFVxFjZuu5bZNgzJPTbs2V43h6ePEIyZ3IRqxO72_Ib1oC5JiE_cDmwqUFsvC4iWRcXGoZnUYjiH5z_pVc5yCss9744BacQt4nSz6_ZmpzxYBNIpzyrWxDp-RfU.OYtSfRIw6Shqyd1T4iUpr51xYX_6WNdIBKQJDMJ7jPQ%26dib_tag%3Dse%26keywords%3DPatanjali%2BDant%2BKanti%2BFresh%2BActive%2BGel%2BToothpaste%2BCrystal%2B300g%26nsdOptOutParam%3Dtrue%26qid%3D1745323525%26sr%3D8-1-spons%26sp_csd%3Dd2lkZ2V0TmFtZT1zcF9hdGY%26psc%3D1,N/A,202.,75,g
15,EY5KR8HMOY,Crocs Mens Classic Animal Remix Flip Flop Black,Footwear,https://instamart-media-assets.swiggy.com/swiggy/image/upload/NI_CATALOG/IMAGES/CIW/2024/2/22/be308e1a-f94a-420d-8a3f-089aa76e217c_BeltsWalletsBagsinstamax_3XJJ68R1CJ_MN.jpg,9UK,https://www.swiggy.com/stores/instamart/p/EY5KR8HMOY?custom_back=true,https://www.amazon.in/sspa/click?ie=UTF8&spc=MTo2NDMwODQ1MTI4OTY3MzY0OjE3NDUzMjM1Mjk6c3BfYXRmOjMwMDQyOTA3Njk2MjkzMjo6MDo6&url=%2FYo-kai-Modern-Featherweight-Footwear-Numeric%2Fdp%2FB0D9CY9MVC%2Fref%3Dsr_1_1_sspa%3Fdib%3DeyJ2IjoiMSJ9.OyEhGhK6u6OUeqPBROCa8svnU7UC_IZRX2FBEz5J8PR0isrR4xsra78qVqO-RmkSprrPTIs4qA4kBAgxCNIj2XpibWv6moctQ1M4PxCz4V-l9eEcHlWv-9yRgy_BOb0Mg3DO4oEvVgygCwH80ndo8mEho_K6C_FYfVueWx36kTZnEGAGPqynNQv_mzZmF8vhwREYYPZRj3LrFf8g9poWVhIXBKnrpSQfIOlubOp33f68MOcvOJJv74w_qiMKzJ0Db11v2Kh16kucFOA7knBpXtduTZNi2vAwHWXz_QUcuwo.UyM-w9il7IgQcICBOHVpMqOf_rXjFpYuyFdMRWlqsow%26dib_tag%3Dse%26keywords%3DCrocs%2BMens%2BClassic%2BAnimal%2BRemix%2BFlip%2BFlop%2BBlack%2B9UK%26nsdOptOutParam%3Dtrue%26qid%3D1745323528%26sr%3D8-1-spons%26sp_csd%3Dd2lkZ2V0TmFtZT1zcF9hdGY%26psc%3D1,N/A,499,N/A,N/A
16,Y88MBIAAKW,Crocs Womens Kadee II Sandal Navy,Footwear,https://instamart-media-assets.swiggy.com/swiggy/image/upload/NI_CATALOG/IMAGES/CIW/2024/2/28/4c3dd2f1-270d-4eea-a636-b327f09e234d_BeltsWalletsBagsinstamax_IN63VU7DT4_MN.PNG,1Piece,https://www.swiggy.com/stores/instamart/p/Y88MBIAAKW?custom_back=true,https://www.amazon.in/Crocs-Womens-Kadee-Sandal-206756/dp/B0888T8HSQ/ref=sr_1_1?dib=eyJ2IjoiMSJ9.mYmbek4wh-TL7W8dfZFtBZvlnxXfHrVOG2u0OuP07N3KW-dfvFTNVFOB1J6aZXZ7ZOWcybevKbpO9h-iEGR_ZpZTXPZ5kXXiTKDf9s3shTEaMaoTJomkpIr8i-XOa1TUEv6oTnSLQodJGTWNpd39lZg6gYX-eyQRBTj8dvOAJVlTzIQvxd8eTqUnFi4M4IqaF4jDo_lA2QncPhx-K7WDDt5hQaR1US9uMTINHd39ZRN-Ej4cOygPDQW3vRxoZiPAHSAxEbsAHW64wEkm1L2BJ5TTx6gXNieSyKUJ1Aqv8Fg.AiHVrc0ChQ30mJD7qCVa7M9SAeR-i_I9shzt_pqsAI8&dib_tag=se&keywords=Crocs+Womens+Kadee+II+Sandal+Navy+1Piece&nsdOptOutParam=true&qid=1745323533&sr=8-1,N/A,1569,N/A,N/A
17,5SGZYQAP8K,Kriiddaank HW- Blaster Shot,Toys,https://instamart-media-assets.swiggy.com/swiggy/image/upload/NI_CATALOG/IMAGES/CIW/2025/1/20/5f3bafe2-e91b-459e-9961-62777940f5d8_444844_1.png,1pack,https://www.swiggy.com/stores/instamart/p/5SGZYQAP8K?custom_back=true,https://www.amazon.in/Kriiddaank-BST-1009005-HW-Blaster-Shot/dp/B0DT9B7K5S/ref=sr_1_1?dib=eyJ2IjoiMSJ9.m9O56tRtCwvVz2Kix5g84S5qscIYA2CZSuS-P9Q5kJ7GjHj071QN20LucGBJIEps.lZcfcG7an998e24HoJ--O8CKjqbHKx4W2GCVOV6XYeQ&dib_tag=se&keywords=Kriiddaank+HW-+Blaster+Shot+1pack&qid=1745323535&sr=8-1,1999.00,599.,N/A,N/A
18,7FPPN3NW9X,Delight foods Banarasi Meetha Paan,Paan Corner,https://instamart-media-assets.swiggy.com/swiggy/image/upload/NI_CATALOG/IMAGES/CIW/2024/12/27/fbf1a926-6f2b-406e-9156-3cc3700720c8_847405_1.png,300g,https://www.swiggy.com/stores/instamart/p/7FPPN3NW9X?custom_back=true,https://www.amazon.in/sspa/click?ie=UTF8&spc=MTo2NTU1MTMzMzQ3NjkzMDI2OjE3NDUzMjM1Mzg6c3BfYXRmOjMwMDUzNTg5NTk5NDkzMjo6MDo6&url=%2FAnnam-Natural-Salty-Roasted-Seeds%2Fdp%2FB099X32RMH%2Fref%3Dsr_1_1_sspa%3Fdib%3DeyJ2IjoiMSJ9.sgAEzHms-tZhy01GK7D-YmiPg2nKLcKDS_Y-Js3W4vrYA6NY8XYNQdSoqkhe7UjnlCNCK_t4858Vus8eIM4AKFVJKMH1YIxQ0O1zlHaHf9Y76KT-Pyklb5HdJiTZY8ZGeCcfhoyTp9O2pahfvpnGuq2NrzSQL0HHvT7XeJ7fCw9npJoYJHmdNKI56H2PPqX0vVccutx26N_digiPAyLSoQ57JjwKdK-ksEC0RcLe4XPdp6-nyytmvsT3z1jLpvA8i4OpOHDYtMCy1yr6hFbkcEzxQ9sEZYF0FaZgqHd8qHw.VFt1EQ7rjIRu_F12tYLsck4g0NoPxKg77yUXi-5E1FQ%26dib_tag%3Dse%26keywords%3DDelight%2Bfoods%2BBanarasi%2BMeetha%2BPaan%2B300g%26qid%3D1745323538%26sr%3D8-1-spons%26sp_csd%3Dd2lkZ2V0TmFtZT1zcF9hdGY%26psc%3D1,N/A,319.,900,g
19,9GFRH1T68G,Delight foods Premium Wild Joha Rice,"Atta, Rice and Dals",https://instamart-media-assets.swiggy.com/swiggy/image/upload/NI_CATALOG/IMAGES/CIW/2024/12/27/ac417619-6ecd-4052-899a-dff8290502a2_704037_1.png,1kg,https://www.swiggy.com/stores/instamart/p/9GFRH1T68G?custom_back=true,https://www.amazon.in/sspa/click?ie=UTF8&spc=MTo4MTkyMjU0MDAyMzQ4NDI4OjE3NDUzMjM1NDM6c3BfYXRmOjMwMDA3OTI3NzM2ODAzMjo6MDo6&url=%2FDaawat-Sona-masuri-5-kg%2Fdp%2FB08SKFSYNV%2Fref%3Dsr_1_1_sspa%3Fdib%3DeyJ2IjoiMSJ9.MC7Nc_nWI6aJea4ThswsVLmjZgWuFIJrtRjAgnEf5VIj1JjBhsNI-IoTj0rW20c1qaQm-SwYjTn6eqHj4JD_omZn99Pd4A-09Xb1R1n3LfGCQEj_pvwAWA0U36LjaWQxtzU5z2up0IlXrABgv2mi3iNYfXRRIUnA6NX3AtzfmAZGxeKfwh0sYuKX5BKAR8lwVuSg1XvXArr2PAY56pEYK6aqsNzHxcpmVCSKJ265XJubrMC9dE1i7G8Jvxhb6vgMVwsY7wW8OrnTfnqCHQG-3E284zMw1eLAYXMSns54soo.MhVIxn9ayjEErFOUOmytilQtwMTs7KFS36YaDiDeIVU%26dib_tag%3Dse%26keywords%3DDelight%2Bfoods%2BPremium%2BWild%2BJoha%2BRice%2B1kg%26qid%3D1745323543%26sr%3D8-1-spons%26sp_csd%3Dd2lkZ2V0TmFtZT1zcF9hdGY%26psc%3D1,N/A,379.,5,kg
20,Z1E2I15EF9,Robustt Keyless Numeric Bike Cable Lock | Preset Combination | Anti-Theft Protection,Sports and Fitness,https://instamart-media-assets.swiggy.com/swiggy/image/upload/NI_CATALOG/IMAGES/CIW/2025/2/15/bd6088fc-1867-41e7-b4ee-0e03fe4778c5_404968_1.png,1pack,https://www.swiggy.com/stores/instamart/p/Z1E2I15EF9?custom_back=true,https://www.amazon.in/sspa/click?ie=UTF8&spc=MTo3MzYwMzk2MTUyMjUwMjU5OjE3NDUzMjM1NDg6c3BfYXRmOjMwMDUzOTQ5NzQ2MjIzMjo6MDo6&url=%2FLeosportz-Cycle-Lock-Bicycle-Key%2Fdp%2FB0F5HDRYT9%2Fref%3Dsr_1_1_sspa%3Fdib%3DeyJ2IjoiMSJ9.IwT1NbrtCFVj8nkdhlvGe9zKcDHaqiHdmtcOv2phzLsFL96iJzHTvcndL2_xc6lluEiOTy-9OOgE7nzEVc6BZhfSGza_5O824GXETE78dtyfIqtIIjZwhJkdmLOkBFVJmg0oZk934DHwYdRDuTjT7T9yxksTq7mwKdqPXs3FW8ljZF-tjjKAZV3L049RBlbkuNLm3HgCyjeGbOgv_jiYOMa1I9LAfUnRLRVsKUJHjP8vyNUZOXvOOVW9iJBu_dDAUyO8ZsikScrjvHUen0-zcvh3CJaqzKL6xDn66ixNgS8.6rveDEAYrLsWjCB3tHFzEgFkxJQHyleRl3-mE57DOPU%26dib_tag%3Dse%26keywords%3DRobustt%2BKeyless%2BNumeric%2BBike%2BCable%2BLock%2B%257C%2BPreset%2BCombination%2B%257C%2BAnti-Theft%2BProtection%2B1pack%26nsdOptOutParam%3Dtrue%26qid%3D1745323548%26sr%3D8-1-spons%26sp_csd%3Dd2lkZ2V0TmFtZT1zcF9hdGY%26psc%3D1,N/A,349.,N/A,N/A
21,99BV8O917R,MAYA KISMIS INDIAN 500g,Dry Fruits and Nuts,https://instamart-media-assets.swiggy.com/swiggy/image/upload/dulbeaaboaj9rjrnwjem,500g,https://www.swiggy.com/stores/instamart/p/99BV8O917R?custom_back=true,https://www.amazon.in/sspa/click?ie=UTF8&spc=MTo1Njg2NjU1NDY0OTQ3MzQ5OjE3NDUzMjM1NTA6c3BfYXRmOjMwMDEwNzQwNDQ3OTUzMjo6MDo6&url=%2FKishmish-Seedless-Contains-Supports-Improves%2Fdp%2FB07H9RSSTF%2Fref%3Dsr_1_1_sspa%3Fdib%3DeyJ2IjoiMSJ9.k2kjnWz5MpE0bi6rJuHa0pZrsCMdCXSwQIlCwLHJ_7CCclJC41hr4Hh7ZrA8OeU_YxFmTdFYqxJ4XOHbQGi6c2JYY6fvF4aE49KOxmV_pX8Omdlvbt6kVITQIDUvYlLmHAbNO99w2gQW3Bp2MNz0EXjh6tMbjPA5plRtputsukjUrL5FoNEJLIKYrHM03rYtoKFsMS_YJKkGGdq2y6xKiPYU0TasUV8THG9MaKZZi-GocZ6XuioPb10E61FqNXZ7bAIHjglUMtq8RR_axXNM49SGUUypkeG5bd3lGLW1JOA.K-kFrLRicBPIopuob2oy_anC5v9Ky4XRUK9EiMGDc_w%26dib_tag%3Dse%26keywords%3DMAYA%2BKISMIS%2BINDIAN%2B500g%2B500g%26qid%3D1745323550%26sr%3D8-1-spons%26sp_csd%3Dd2lkZ2V0TmFtZT1zcF9hdGY%26psc%3D1,N/A,259.,500,g
22,24NQ4B71SV,Crocs Mens Classic Sandal White,Footwear,https://instamart-media-assets.swiggy.com/swiggy/image/upload/1b981edf44d686436b9bacbbf47a7aa5,1Piece,https://www.swiggy.com/stores/instamart/p/24NQ4B71SV?custom_back=true,https://www.amazon.in/sspa/click?ie=UTF8&spc=MTo2ODg0OTUzMTI0OTg4NTE3OjE3NDUzMjM1NTQ6c3BfYXRmOjMwMDQyOTA3Njk1NTMzMjo6MDo6&url=%2FYo-kai-Relaxed-Footwear-System-Numeric%2Fdp%2FB0DNZ4P74G%2Fref%3Dsr_1_1_sspa%3Fdib%3DeyJ2IjoiMSJ9.XCO4I7bxShIXvVmuW7LmkXkD8tC1MIg3UMJF-02EUaIZ5r7B-cB6tHZsQbLVpvyLsHtR2UDWwDU69yDyUlINSv0iG_6VkUn0qxmU5_xm2IV6ZAPHTeUaBPl8GwEcT4JGOoOiet6mRGJ1bj3QMJ-lBlMaeN-QgP1UCwkFqYXOyRtF6RooPV_WkFMGt1orkbbhjv1KPwrfGddF9AbaTE6oDYVfcbxUdhUT5QsIxc_4R8ugTirtJUf9I9HagUil9MlmDeouq9fPKA_WSsTR8Me9QQL-x7gQmg5wfuUX8FQkM84.NjfP2j5zmLsg9Akok5nKRPifrDNTOdXhokf-T_9s6o4%26dib_tag%3Dse%26keywords%3DCrocs%2BMens%2BClassic%2BSandal%2BWhite%2B1Piece%26nsdOptOutParam%3Dtrue%26qid%3D1745323553%26sr%3D8-1-spons%26sp_csd%3Dd2lkZ2V0TmFtZT1zcF9hdGY%26psc%3D1%26smid%3DA2WK3FD3AGEBYA,N/A,499,N/A,N/A
23,KZOWHNRHMP,Crocs Womens Boca Wedge Flip Flop Black,Footwear,https://instamart-media-assets.swiggy.com/swiggy/image/upload/NI_CATALOG/IMAGES/CIW/2024/2/22/35aa5fe6-0384-41e0-adbb-f450fab71fb7_BeltsWalletsBagsinstamax_CC0PSR9JF2_MN.png,3UK,https://www.swiggy.com/stores/instamart/p/KZOWHNRHMP?custom_back=true,https://www.amazon.in/sspa/click?ie=UTF8&spc=MToyOTUzNTY5NzY4OTg1MDE6MTc0NTMyMzU1ODpzcF9hdGY6MzAwMDc0MzI3NjMyOTMyOjowOjo&url=%2FYOHO-Slippers-Comfortable-Exciting-Lightweight%2Fdp%2FB09X5PXRLD%2Fref%3Dsr_1_1_sspa%3Fdib%3DeyJ2IjoiMSJ9.VORKG_aH09Y6x33tbmMrEf7LK3rFbyzDZiSSgVvnEFGq_jkZ4pbK-OwvSykTeBcFTRoUz6rR2uQSoHtqFWn4BqzKUahEsbhj6HGpb3h3aLTY8vjTVSMC0xIpOUiih1yRF00Meie0u_qfCsGbP5EDtAv_6-z2cyQMYq4byrRCJVISzoXZRgWR6u0EPSAwd6pggaIYtx4x_reiIp2NTY3xVzf59n6_YIocevyvtgv8i7EtAE8bxmjMABCosoC8Gc654gOmHlVGINT1XvcPHoq28avgBdHCqk_xz2Je5acDT0o.S7ODAORGkSpyh-k32igdtSHHl4YqVncozisqnVenZ3M%26dib_tag%3Dse%26keywords%3DCrocs%2BWomens%2BBoca%2BWedge%2BFlip%2BFlop%2BBlack%2B3UK%26nsdOptOutParam%3Dtrue%26qid%3D1745323558%26sr%3D8-1-spons%26sp_csd%3Dd2lkZ2V0TmFtZT1zcF9hdGY%26psc%3D1,N/A,496,N/A,N/A
24,JBAYL84QFL,Party Propz Ganpati Decoration Items for Home,Party Planning,https://instamart-media-assets.swiggy.com/swiggy/image/upload/NI_CATALOG/IMAGES/CIW/2024/9/14/fe830e8c-5853-4cac-ad12-7b2f2531457b_884883_1.jpg,1Piece,https://www.swiggy.com/stores/instamart/p/JBAYL84QFL?custom_back=true,https://www.amazon.in/sspa/click?ie=UTF8&spc=MTo1OTkzNzI2NzY5Njc2MjYwOjE3NDUzMjM1NjI6c3BfYXRmOjMwMDQ4MDEyNDU1NDczMjo6MDo6&url=%2FParty-Propz-Pooja-Backdrop-Decoration%2Fdp%2FB0CF594LG2%2Fref%3Dsr_1_1_sspa%3Fdib%3DeyJ2IjoiMSJ9.U89dhd5hej55taVhzV6Gkk8bKqFKBtQB1lZSLAzulHRWFdU5Oz6sMzxg9u9-WHcNWx1LsexC2tD2CpIrxGsJ9LaeOrWQM0Sn8tL-S8xMXLkWWc7BxnAwYKEXvmEKy4UUtHAPVvT3iAWUXBMwnoxqwUGjgCKgeVAbWMIaLcsaWv7yJpJRqU9eZh83qC_fZ3NmNTTtS5AuD_CmUQ0lE9IbxDsVSG_W5Do1jw9F6-uk4WgUYdDPibq5EC5BzANNBtKnGuZD5fytczsAsM45W_8vxV3zvRp9h_iuOZjQWH76DU4.zjCeZsfSjkhm_f-GEk83tMbnVKCoGtai-Z_ZMr9Z1c0%26dib_tag%3Dse%26keywords%3DParty%2BPropz%2BGanpati%2BDecoration%2BItems%2Bfor%2BHome%2B1Piece%26qid%3D1745323562%26sr%3D8-1-spons%26sp_csd%3Dd2lkZ2V0TmFtZT1zcF9hdGY%26psc%3D1,N/A,540.,11,pcs
25,UDCS7WVLFC,"Engage Exquisite Collection Luxury Grooming Gift Set for Men, Combo Set of 3",Beauty and Grooming,https://instamart-media-assets.swiggy.com/swiggy/image/upload/NI_CATALOG/IMAGES/CIW/2024/10/4/000cb90c-09cd-472b-86df-b983336406bb_808167_1.png,450ml,https://www.swiggy.com/stores/instamart/p/UDCS7WVLFC?custom_back=true,https://www.amazon.in/sspa/click?ie=UTF8&spc=MTo0MzY4NjY0NTc0MTQ0MDI0OjE3NDUzMjM1NjU6c3BfYXRmOjMwMDI1NTE5MjU0NTUzMjo6MDo6&url=%2FPark-Avenue-Discoverer-Corporate-Anniversary%2Fdp%2FB0D7C4Q817%2Fref%3Dsr_1_1_sspa%3Fdib%3DeyJ2IjoiMSJ9.1lQU1tHQdbGAq_fWsKMqvIrDwhxvZLhbHAoAjstQa2Ry0zArcKRjx8broR2dIywyGVp5gHP6PxtYqvE1Nkcv-Z5EWIa6x8WAGmn_HFfZunWdFnSXR6I7X9r159XIwEndTGFHQixSOQc2aTCNkvJmfbO0Jtm-L0uEnYMVebr3LP8glxCKLBv_5toE4noW2KJ6xNFePIou0SV_yF4TaJHDNXuewYyCKFTq7sfyditfMTalrllMQRqT6LGcR80BSscgkrtw7iNyct_b6PjPqx1rI7QV-8VrVR_pH79Dbec-s8U.TvURky0rWENIgFESTLbaeZG8D5GrAXLO7iltwbA9AtQ%26dib_tag%3Dse%26keywords%3DEngage%2BExquisite%2BCollection%2BLuxury%2BGrooming%2BGift%2BSet%2Bfor%2BMen%252C%2BCombo%2BSet%2Bof%2B3%2B450ml%26qid%3D1745323565%26sr%3D8-1-spons%26sp_csd%3Dd2lkZ2V0TmFtZT1zcF9hdGY%26psc%3D1,N/A,288.,20,ml
26,VZ1C103ZPN,Crocs Mens Mellow Recovery Flip Flop White,Footwear,https://instamart-media-assets.swiggy.com/swiggy/image/upload/NI_CATALOG/IMAGES/CIW/2024/5/17/00b5b34b-441e-4e08-b375-53aba2b4d64c_AA_2OC6P5ZXPU_MN.jpg,5UK,https://www.swiggy.com/stores/instamart/p/VZ1C103ZPN?custom_back=true,https://www.amazon.in/sspa/click?ie=UTF8&spc=MTo3NTk4OTM0MjcwNjk5MjYyOjE3NDUzMjM1Njk6c3BfYXRmOjMwMDQyOTA3Njk2MjYzMjo6MDo6&url=%2FYo-kai-Relaxed-Footwear-System-Numeric%2Fdp%2FB0DNZ4T1QF%2Fref%3Dsr_1_1_sspa%3Fdib%3DeyJ2IjoiMSJ9.94lDYbdXDsr83xhuTKVYygd56-0vgN-l2qBEkXmpBrEDf-zUVuIzQvmexFpzWWo3_erC41oOA8YTON3V_65NnJTHaGrlNaQnVVM5ldMWtivU2sNVHTOZUCpO3tk1nzkVitOinp655NojHbeUJhar_Cz3adyF6Zd0FA6cmO8coEzxDHBUzx2PIg5vck54TjOWr5t0EL2_baIrbRJzaFf2EZY158vB0F6NK8Ptn0UBamX7OGMqKpEYc6NAjRVul7rSS09j0NhI6JBOY8IGDgWixBlF4tcTgHnLmQZVxvM5SnI.TFnBAyZQz0Angtf-IPIeNDubKlfy0tyz2hMiUDF8MfU%26dib_tag%3Dse%26keywords%3DCrocs%2BMens%2BMellow%2BRecovery%2BFlip%2BFlop%2BWhite%2B5UK%26nsdOptOutParam%3Dtrue%26qid%3D1745323569%26sr%3D8-1-spons%26sp_csd%3Dd2lkZ2V0TmFtZT1zcF9hdGY%26psc%3D1%26smid%3DA2WK3FD3AGEBYA,N/A,499,N/A,N/A
27,T67FGCM758,Crocs Womens Splash Glitter Flip Flop Grey_UK7,Footwear,https://instamart-media-assets.swiggy.com/swiggy/image/upload/NI_CATALOG/IMAGES/CIW/2024/2/27/1824ce49-fd0d-49a5-8d4a-ab7f5a2945d1_BeltsWalletsBagsinstamax_NJ4H63HYUR_MN.png,7UK,https://www.swiggy.com/stores/instamart/p/T67FGCM758?custom_back=true,https://www.amazon.in/sspa/click?ie=UTF8&spc=MTo0MzE2NDM3MDM4NTEzOTA0OjE3NDUzMjM1NzQ6c3BfYXRmOjMwMDUyNDg4MTIyOTEzMjo6MDo6&url=%2FLUDIC-Collection-CloudFrame-Technology-Ultra-Soft%2Fdp%2FB0F29SYB4Q%2Fref%3Dsr_1_1_sspa%3Fdib%3DeyJ2IjoiMSJ9.j3gzbH9SJMWbZ4l6s8GX2X6bUI6YbqjxTAbLfSY9YnE6srr46dK9UfZis6for0fyU0vGYvjVJofIrZ9MvUvaIS5ZcnWkZn7F53MSpCAU1xfjMf_BxdEvr3MCrsuB266X6b2lF3bOLXKNLxnLr6VVD9gjyXzHOygeRKVXA0NW8hQU8d7Yc8-VPe2gDEJjxI1Y2aIvw-M_v0LKMHSV3lQtC-ODyldPeQ4TKp1YXkbDH6NkRO8qgTCOsDDgoU1CQf9RpXOkxPF9xuyAXOJHA8gKjR4ErI-9u6HtY6ZCfIp6blM.p4MO2794VKYdGvIaZaNek4a0hLia_Gw3SkKssC8gkGA%26dib_tag%3Dse%26keywords%3DCrocs%2BWomens%2BSplash%2BGlitter%2BFlip%2BFlop%2BGrey_UK7%2B7UK%26nsdOptOutParam%3Dtrue%26qid%3D1745323574%26sr%3D8-1-spons%26sp_csd%3Dd2lkZ2V0TmFtZT1zcF9hdGY%26psc%3D1,N/A,1999,N/A,N/A
28,G56823YHPY,Crocs Mens Classic Crocs Sandal Blue_UK6,Footwear,https://instamart-media-assets.swiggy.com/swiggy/image/upload/NI_CATALOG/IMAGES/CIW/2024/4/15/34d1723b-7eff-41f2-9a21-ae15c32a48ee_BeltsWalletsBagsinstamax_QHC19I2XY7_MN.PNG,1Piece,https://www.swiggy.com/stores/instamart/p/G56823YHPY?custom_back=true,https://www.amazon.in/sspa/click?ie=UTF8&spc=MTo4NjM3Mzc3MTQ4MDI0MjIyOjE3NDUzMjM1Nzc6c3BfYXRmOjMwMDQyOTA3Njk2MTgzMjo6MDo6&url=%2FYo-kai-Relaxed-Footwear-System-Numeric%2Fdp%2FB0DNZ2XTW2%2Fref%3Dsr_1_1_sspa%3Fdib%3DeyJ2IjoiMSJ9.ogRIXilW3iO194w91qIBzsosLQKzXuhLk0x9GV3c69r9svkR0Wau09_DQDks2B_F6FScfITfEET6g3PCC-FFKO0_foe93NCd6xPTZDSKhsshkpZns_K-lXGdbrOCX-TflR6zOWoOdN61XovFplGk1KBSaxyC2sUFMMai6UYh3kHo7OPsGYtQrEKkDoMvZD3NyvISL0DgDwKukhWJnUB6vS-DNeacW4VUWaKYm6G9w1cx_LvywKYYjmtVUrYx56od-4-cDieFMuE7dAe_rhr0XBFPw3sx6MaLU7pVMvoX49M.g6ClZ1-B72FSgNkEVQkZ57eB-0-XZbgDP45pPECS9RI%26dib_tag%3Dse%26keywords%3DCrocs%2BMens%2BClassic%2BCrocs%2BSandal%2BBlue_UK6%2B1Piece%26nsdOptOutParam%3Dtrue%26qid%3D1745323577%26sr%3D8-1-spons%26sp_csd%3Dd2lkZ2V0TmFtZT1zcF9hdGY%26psc%3D1%26smid%3DA2WK3FD3AGEBYA,N/A,499,N/A,N/A
29,2FORTL1L3W,Crocs Classic Crocs Slide Black,Footwear,https://instamart-media-assets.swiggy.com/swiggy/image/upload/NI_CATALOG/IMAGES/CIW/2024/2/28/2d66eada-d4b3-4355-a09e-39948330cc3b_BeltsWalletsBagsinstamax_5S46HG8AKO_MN.PNG,8UK,https://www.swiggy.com/stores/instamart/p/2FORTL1L3W?custom_back=true,https://www.amazon.in/sspa/click?ie=UTF8&spc=MTozNjU2ODkyMDc2MjU4MTU4OjE3NDUzMjM1ODI6c3BfYXRmOjMwMDQyOTA3Njk2MDYzMjo6MDo6&url=%2FYo-kai-Footwear-System-Numeric-Medium%2Fdp%2FB0DP7FVHQV%2Fref%3Dsr_1_1_sspa%3Fdib%3DeyJ2IjoiMSJ9.yCkcCsYknTmpJJo9OiRa3dI0c_8Rcs4C7-6Dz1AQBHjCezm4GltZNLwy9AjYcEa4AoyNtS3F7nBXt6MCbn5PTpty6wtk4QkeNZa1Yn-c8HkXpMy9a3gQuNkzYovVKWnS0ftKHVE23nVUx8MELBeFF4URxbzh1Wjp6F0kkild_taGLOSy4tA7Qks8sH4Iw9vdA4DjmDi45fVaq8mXcCR4g_5xWGMKRlzcc9nNhwbRl43VXhF6rUu-npU5oYOiAuQEM3oMlIOk1eSgkerqorDiT7Ad65eBEm-fC_EYSTIqA_w.qdQyWGNlX4x4xgew42y6NpFE_YkmafUlOzN2fH6qphE%26dib_tag%3Dse%26keywords%3DCrocs%2BClassic%2BCrocs%2BSlide%2BBlack%2B8UK%26nsdOptOutParam%3Dtrue%26qid%3D1745323582%26sr%3D8-1-spons%26sp_csd%3Dd2lkZ2V0TmFtZT1zcF9hdGY%26psc%3D1,N/A,499,N/A,N/A
30,QUMW4HX2NI,Crocs Mens Crocband Flip Flop Black,Footwear,https://instamart-media-assets.swiggy.com/swiggy/image/upload/NI_CATALOG/IMAGES/CIW/2024/2/22/d35e87b1-3a64-49ff-bf27-c4d3554421a7_BeltsWalletsBagsinstamax_D04TKXX36X_MN.png,7UK,https://www.swiggy.com/stores/instamart/p/QUMW4HX2NI?custom_back=true,https://www.amazon.in/sspa/click?ie=UTF8&spc=MTo3MzAxMzE0MDk4MzIzOTgyOjE3NDUzMjM1ODY6c3BfYXRmOjMwMDQyOTA3Njk2MTgzMjo6MDo6&url=%2FYo-kai-Relaxed-Footwear-System-Numeric%2Fdp%2FB0DNZ2XTW2%2Fref%3Dsr_1_1_sspa%3Fdib%3DeyJ2IjoiMSJ9.72kpzZM-z5Q3idIDcnKYH6anKRK5P6m-orJRjajDOn0NNaNYD-_tzAZxmRfjJMvFBnnF57Vfd1dCzjA26R0x5X6Q3mZL_EqIurbL2vVLLzzg9ZF-SIaOxUEeaMoYMU8Sd9sfwRLnS3dv3rNkJqQ56YQrHiNvo79jAZSWWT1EsxqHm_VU6iFg8w26NyQ-SUh8y-1fU293385dQC8aWN2hKOK5j-2Ge3-3c2Y-91EF13sK2O5_T1cW1H1pqb5G4dTTAdyrBfkSgER4Ati6HYKgS7_U0cOjcy3X2yqXfkDqzPk.u6XBsvxCcEYu58Sno2zbv8JVqqRsaIgKMmXdcadkhN8%26dib_tag%3Dse%26keywords%3DCrocs%2BMens%2BCrocband%2BFlip%2BFlop%2BBlack%2B7UK%26nsdOptOutParam%3Dtrue%26qid%3D1745323586%26sr%3D8-1-spons%26sp_csd%3Dd2lkZ2V0TmFtZT1zcF9hdGY%26psc%3D1%26smid%3DA2WK3FD3AGEBYA,N/A,499,N/A,N/A
31,FSELVEG232,Crocs Mens Crocband Flip Flop Graphite/Volt Green,Footwear,https://instamart-media-assets.swiggy.com/swiggy/image/upload/NI_CATALOG/IMAGES/CIW/2024/3/27/2434117b-f77a-415e-a26a-7baa72c69837_BeltsWalletsBagsinstamax_VDIK9OO28I_MN.JPG,8UK,https://www.swiggy.com/stores/instamart/p/FSELVEG232?custom_back=true,https://www.amazon.in/sspa/click?ie=UTF8&spc=MTo0NDYyOTA3NTU2MjE5NzoxNzQ1MzIzNTg5OnNwX2F0ZjozMDA0MjkwNzY5NjE4MzI6OjA6Og&url=%2FYo-kai-Relaxed-Footwear-System-Numeric%2Fdp%2FB0DNZ2XTW2%2Fref%3Dsr_1_1_sspa%3Fdib%3DeyJ2IjoiMSJ9.PSXyXHjmzZ0joO2Cw-uG0aLrOg9QC2u3fEhsMqOAgXYXEW3fS4P1ZwY026EHViTenLxmeUNe9DyV-XFtxy0ynzx8EAlKAGazrz24eB9sEYc0zk00ukaBP4JNwKdAiRys7TW032NIvFjD4aT3GoBNP8g1-Jh1hXhNhqz6oB1yRIAQWLufGo3yUCOJVgm8W9x8ILyVtLFlrXn0icwBeIl4zamsiWmB8ANlm6wwKoyKRDOdpSkxmMVjRvsKd2Me4sWyLJbhLjK6nPBN2k0D83baCQ_4ppHCuOaMNaflSAcb9Fk.hH5TKYLQwpb_mCcSQGdXVtHjGcmcsacTWtYFLU9SNKc%26dib_tag%3Dse%26keywords%3DCrocs%2BMens%2BCrocband%2BFlip%2BFlop%2BGraphite%252FVolt%2BGreen%2B8UK%26nsdOptOutParam%3Dtrue%26qid%3D1745323589%26sr%3D8-1-spons%26sp_csd%3Dd2lkZ2V0TmFtZT1zcF9hdGY%26psc%3D1%26smid%3DA2WK3FD3AGEBYA,N/A,499,N/A,N/A
32,08B0UAATBA,Crocs Mens Crocband Flip Flop White,Footwear,https://instamart-media-assets.swiggy.com/swiggy/image/upload/NI_CATALOG/IMAGES/CIW/2024/2/22/31d0101e-8e13-49a6-bc84-a23b2f874f9f_BeltsWalletsBagsinstamax_D7TVST9W2U_MN.png,4UK,https://www.swiggy.com/stores/instamart/p/08B0UAATBA?custom_back=true,https://www.amazon.in/sspa/click?ie=UTF8&spc=MTo1MzU0NjQ1MzIzMTQyOTk2OjE3NDUzMjM1OTI6c3BfYXRmOjMwMDQyOTA3Njk2MTgzMjo6MDo6&url=%2FYo-kai-Relaxed-Footwear-System-Numeric%2Fdp%2FB0DNZ2XTW2%2Fref%3Dsr_1_1_sspa%3Fdib%3DeyJ2IjoiMSJ9.4RwxszE7YRMgJLBreS33sSzXpRWZHmZ0_oY_t1KDa-BTqMawo-e6MHhDxeS8NarlTDLQJuBwEc9-JMs5L6hvfCagcGdGFedqAQxUbhJFeSXtStoEM3y7UCssaeq_HhDfk0DUTkzC9zD1GrZ8TkAh7EIW5RpZSLuv2Gd5uICtzaSAmXTSCCdCCesS831sfGBdqbGBvAZIJvqrmLpvCLk7PFhHLaFolwIgKxbKeVZTDWRZJ7oDBerr8IpNp3YTcbsVyj5_TDiVlgS7tpwwACJ0hIBVs_Fms3U6p7EI2gq3Ly0.AzpRKK7wkYkXOzs2sjxQWnhHz7BVb5dBv6Ot-VbmL6g%26dib_tag%3Dse%26keywords%3DCrocs%2BMens%2BCrocband%2BFlip%2BFlop%2BWhite%2B4UK%26nsdOptOutParam%3Dtrue%26qid%3D1745323592%26sr%3D8-1-spons%26sp_csd%3Dd2lkZ2V0TmFtZT1zcF9hdGY%26psc%3D1%26smid%3DA2WK3FD3AGEBYA,N/A,499,N/A,N/A
33,YP691XFV2W,Crocs Mens Classic Crocs Sandal Green,Footwear,https://instamart-media-assets.swiggy.com/swiggy/image/upload/NI_CATALOG/IMAGES/CIW/2025/2/18/0d1541b1-7ff7-4dc4-9d9d-d57f3cb49ad4_81313_1.png,11UK,https://www.swiggy.com/stores/instamart/p/YP691XFV2W?custom_back=true,https://www.amazon.in/sspa/click?ie=UTF8&spc=MTozMTY1NTAxOTQ2NzY3MzI4OjE3NDUzMjM1OTU6c3BfYXRmOjMwMDQyOTA3Njk2MTgzMjo6MDo6&url=%2FYo-kai-Relaxed-Footwear-System-Numeric%2Fdp%2FB0DNZ2XTW2%2Fref%3Dsr_1_1_sspa%3Fdib%3DeyJ2IjoiMSJ9.zR36akMrEtMJDB5AI_KTsXRckqJLEpNpJpZGndCEM7e6p1Nk4oQ7YoVKR6Swwc92CDtSg7Xhlja0z7NUd3Tfe9qPe9iSA80h1J0JxpqwlS9-7SBILsUsE5hkyA9wdSU9GOFGhBzRm9dWeG_htwC6RErrjCWlKSQvwnIcBvpn0GbKU_JgQSmGSu3XxgYYvRJ8ri06CVI5RfU_yFFYAQfqF-f8LVJ-CySdRj_IhFQBSW5tfuOJVWKsVvUfWHaZps5qbVpl5gITeTaOI6sMOdNkA_mmbIcVfrF-a-nd71lZop8.U55qP1pQKb03BO13o3nTDDTAlZhWbDd0u6FaV6mb9cQ%26dib_tag%3Dse%26keywords%3DCrocs%2BMens%2BClassic%2BCrocs%2BSandal%2BGreen%2B11UK%26nsdOptOutParam%3Dtrue%26qid%3D1745323595%26sr%3D8-1-spons%26sp_csd%3Dd2lkZ2V0TmFtZT1zcF9hdGY%26psc%3D1%26smid%3DA2WK3FD3AGEBYA,N/A,499,N/A,N/A
34,5RNTSVPVM1,Wonderchef Royal Velvet Dosa Tawa 28cm,Kitchen and Dining,https://instamart-media-assets.swiggy.com/swiggy/image/upload/NI_CATALOG/IMAGES/CIW/2024/12/27/d0d4c1a2-ba3e-44e0-ab56-829ec06208d6_991054_1.png,1box,https://www.swiggy.com/stores/instamart/p/5RNTSVPVM1?custom_back=true,https://www.amazon.in/sspa/click?ie=UTF8&spc=MTo4MDM2NTU4MDYxNjE1NjIyOjE3NDUzMjM1OTk6c3BfYXRmOjIwMDU1NTM4ODI3Mzk4OjowOjo&url=%2FWonderchef-Non-Stick-Induction-Soft-Touch-Aluminium%2Fdp%2FB07NQQ7YL1%2Fref%3Dsr_1_1_sspa%3Fdib%3DeyJ2IjoiMSJ9.46Y-apBTA2PnqnzLp_XO1s_vqIjElornU_5JpNyRoTqUUjfm5kH9tQRj5Onb4S1xEdvSALYKMW50tMcIgSUup7SO6DYj1B70XC21Ps6qGtUHwX3U7dU6JBpUiL9TR5wI6Ogkp6atXfZKkHbwBJTgk6M2bkZhNEvfadpi8lHNZ8zPNKisKRo6i9hR3fTEzynoEAEFfsslqNV1Cnz7d3Pqdacsix0BH_iwWeOd8O_1-pVhAoAHVs0uJO97e8qblHNooqV8jVFMJe8GvBkv33TzcmmsHJL6I_ejqgQZqvjmQ5I.lL8de_gjprpOsJN10kHVX8hMhVVQSXWDcdLflGTlZm0%26dib_tag%3Dse%26keywords%3DWonderchef%2BRoyal%2BVelvet%2BDosa%2BTawa%2B28cm%2B1box%26qid%3D1745323599%26sr%3D8-1-spons%26sp_csd%3Dd2lkZ2V0TmFtZT1zcF9hdGY%26psc%3D1,2100.00,1399.,N/A,N/A
35,ESN2PL70B3,Crocs Womens Kadee II Graphic Flip Flop Black,Footwear,https://instamart-media-assets.swiggy.com/swiggy/image/upload/NI_CATALOG/IMAGES/CIW/2024/2/22/a89564d6-912d-4b69-85a2-8fb9ffa0d1ca_BeltsWalletsBagsinstamax_NJRLJZZO9J_MN.jpg,1Piece,https://www.swiggy.com/stores/instamart/p/ESN2PL70B3?custom_back=true,https://www.amazon.in/sspa/click?ie=UTF8&spc=MTo1MDIyNTY1MDg2ODAxMDk0OjE3NDUzMjM2MDM6c3BfYXRmOjMwMDUzOTU0MjA5NzczMjo6MDo6&url=%2FFadex-Lightweight-Slippers-Footwear-Numeric%2Fdp%2FB0DR5Z4L77%2Fref%3Dsr_1_1_sspa%3Fdib%3DeyJ2IjoiMSJ9.57X3wX5UGKk2hVhShnLNYF7VY5uDce7kY1OBrOPK3boEcPfh5iGEcmtI8BAzmA7EszlV5ByungIIylvfRdZkQ5igoh4i9UIKGwJvhXMnSlwiDOjKk_JG9fvDYO2gH2H8-gWruqHDuuiEtcyRAVy0GSDcQLTjUgJrdTupp0V7x655naAw7BQQ3rYLoIbUt-os3GxwnGf_gVVU_9UD-3VUgaYBoUKj2A3kGa-CwNiT-6USRPo_UsVk4tFOQqKB-FB6RKm8CqEHkqnaKcs6HGd9ATOfo66FyIG6FQlszDZKdBI.fZSbK1u2OEiBeXafbP1HxKLGz92R1x4jKieoKTlgC2I%26dib_tag%3Dse%26keywords%3DCrocs%2BWomens%2BKadee%2BII%2BGraphic%2BFlip%2BFlop%2BBlack%2B1Piece%26nsdOptOutParam%3Dtrue%26qid%3D1745323603%26sr%3D8-1-spons%26sp_csd%3Dd2lkZ2V0TmFtZT1zcF9hdGY%26psc%3D1,N/A,249,N/A,N/A
36,GS3PZOHA8L,Quace Pumkin Halloween Basket (Medium),Toys,https://instamart-media-assets.swiggy.com/swiggy/image/upload/NI_CATALOG/IMAGES/CIW/2024/10/17/290f0b02-2fed-4cfc-9812-b625491a99d6_840034_1.png,1Piece,https://www.swiggy.com/stores/instamart/p/GS3PZOHA8L?custom_back=true,https://www.amazon.in/Jack-Lantern-Halloween-Baskets-Selling/dp/B07JYZMLPP/ref=sr_1_1?dib=eyJ2IjoiMSJ9.IqHXLTELPUHwWeOOVGpUSYuJNX1GMIG0oJZgrNPOO29liFzD_TxFDd8jn3pld5M1jKw2PnkdFINF98Z3FzJkBgBk_W1SLy1boYrZUSUaAhLQZuvKYzoELNxqZbZn2B1WHPJbyYPxk80vv1req6y-dShOipqdALfwHKTzbtNjVF9xK1p_AxxNg2NIq3UWqgO9sCSUM-fcLoyLqaxx23lVAUdNsTXqWzQZHTk2v73ncu9E2fwHvsnnvR-wHT8dzSrQxUwleTsvAqEQV0f0cw6nM6JqhVkya8VNanXP5djL8-M.yV7R7nBaymIdjcnAAyh7kq1Ipxu3YhxYR3Fm7PTuPBs&dib_tag=se&keywords=Quace+Pumkin+Halloween+Basket+%28Medium%29+1Piece&qid=1745323605&sr=8-1,N/A,195.,N/A,N/A
37,GYVR3XQLZK,playR Training T-Shirt Red - M,Home and Kitchen Needs,https://instamart-media-assets.swiggy.com/swiggy/image/upload/086bca61fc57b934ecba88b41c8c9312,1Piece,https://www.swiggy.com/stores/instamart/p/GYVR3XQLZK?custom_back=true,https://www.amazon.in/sspa/click?ie=UTF8&spc=MTo1MzQ4MjQwMTExOTQ0MTQwOjE3NDUzMjM2MTE6c3BfYXRmOjMwMDQ5ODg2NjYwMjgzMjo6MDo6&url=%2FJiSu-2Men-Oversize-Softness-Everyday%2Fdp%2FB0DT79K1V8%2Fref%3Dsr_1_1_sspa%3Fdib%3DeyJ2IjoiMSJ9.nD2iwxI7NiBDgUSvZcNxHehIvG4d5mW_fb-14g8mn4SLb2A04YinRJkg3nsH2CXQgB1MxdADpQyV-yxcOSmGOQCVMoy79WXEEMMwQh6GR646rkw9xnEJg26E70oH2ItOdIkGrO1Nyi4qr4aAJq0bSrPExzPXhr1uMt4Md6NGKTW5Z_7nGj2tp4zz-uRr5vmV8vZgxLQHudFJ32OfLKXLbunOv30t03xc4dA4389YkmJVSc-lkN7klmUmyuVIpozSDzTKuLJ3pnGwRc5Avt2VWs4yBH01URLL9fkV-95vixs.bxWHKoHKZu1OSPbFfZIesPq42xI-mABlyGX2wN35Yic%26dib_tag%3Dse%26keywords%3DplayR%2BTraining%2BT-Shirt%2BRed%2B-%2BM%2B1Piece%26qid%3D1745323611%26sr%3D8-1-spons%26sp_csd%3Dd2lkZ2V0TmFtZT1zcF9hdGY%26psc%3D1,N/A,499,N/A,N/A
38,O98EO1TGBH,Paper Boat Nata De Coco - Coco Bliss,Cold Drinks and Juices,https://instamart-media-assets.swiggy.com/swiggy/image/upload/NI_CATALOG/IMAGES/CIW/2025/2/13/f900e3b7-8070-48ce-b2ed-951d7a81907d_622207_1.png,250g,https://www.swiggy.com/stores/instamart/p/O98EO1TGBH?custom_back=true,https://www.amazon.in/sspa/click?ie=UTF8&spc=MTo3MTgxODI1OTM4MzYxOTQyOjE3NDUzMjM2MTU6c3BfYXRmOjMwMDQ1OTkzNDM3MzAzMjo6MDo6&url=%2FPaper-Boat-Energy-Fruits-Trail%2Fdp%2FB0DPQ5PVPF%2Fref%3Dsr_1_1_sspa%3Fdib%3DeyJ2IjoiMSJ9.LxIvXlPPHgfus02GePy0Wh4wZ4thbBxbRNYtjsYsRj4x6s7fznyFRSJQxI108KSlfCXNI7yXaXYJgvsLoAqS0FspwYfSnSLYCw-_zE32fTe4oHNuwr8YoGX-e3zhCVD0d1Y8y5LJBN-_2cg1EcH_dxY71779po2AwvbgEXxmJY_lyyOnEXKpP5UEEVbKw85PLiK_llf-dJBgNYID0sZsVM_kdLem0JzaFtN7UAPZM3L48BjfLoUZB-np8_JlnF1dWBz1eru003EqA8mMGO-4OoTwr641cj4Ue0I7XiLjxj8.4-_hB31BJj58vwdwYC8VTXIoo3llYlDUA70KcJlTurU%26dib_tag%3Dse%26keywords%3DPaper%2BBoat%2BNata%2BDe%2BCoco%2B-%2BCoco%2BBliss%2B250g%26qid%3D1745323615%26sr%3D8-1-spons%26sp_csd%3Dd2lkZ2V0TmFtZT1zcF9hdGY%26psc%3D1,N/A,558.,N/A,N/A
39,QBNYAR70VZ,Picfest Super Hero Mask For Party Spiderman,Party Planning,https://instamart-media-assets.swiggy.com/swiggy/image/upload/09b2d57e254676c8a9a92b42746e89f7,1Piece,https://www.swiggy.com/stores/instamart/p/QBNYAR70VZ?custom_back=true,https://www.amazon.in/sspa/click?ie=UTF8&spc=MTo1NTEyNjE0NTgyOTM4OTY4OjE3NDUzMjM2MTc6c3BfYXRmOjMwMDQ3MzMxNDMzMTkzMjo6MDo6&url=%2FFancyDressWale-Superhero-birthday-party-flavour%2Fdp%2FB0DVTBDFY2%2Fref%3Dsr_1_1_sspa%3Fdib%3DeyJ2IjoiMSJ9.zofRqdnSu8APiXB70Wq3AaSbbRsJ588yClTM22a-3KsadiuWPjLX1RvZby9C_KYATH33TxnAxalah0NL1bsyVAlR0-cVh1U0nv8ZUvPvde_G7JGjA1JxycdEaNiavssr5768uWcnIVpx-JoA_MVOfk4K9Ja2MN00kINX7ZaWSlsSLuFJmIktyDdQ1Avl51BjPtdqoRuiCQKxETlzPF_a3_Pf2YcNeWr4pA_DarsJfe2DZOywddlYmYa4_Vq-Aj2PnXlNODsnGUHq_p65u3vshLiVSJUkoLYX0LVuWJKLgkc.BkkXzQMxzJBkuMDN04Wjml8vDr5pBz5OH5KgmepzZZI%26dib_tag%3Dse%26keywords%3DPicfest%2BSuper%2BHero%2BMask%2BFor%2BParty%2BSpiderman%2B1Piece%26qid%3D1745323617%26sr%3D8-1-spons%26sp_csd%3Dd2lkZ2V0TmFtZT1zcF9hdGY%26psc%3D1,N/A,263,N/A,N/A
40,B41URYNB1T,Crocs Classic Crocs Sandal Black_UK10,Footwear,https://instamart-media-assets.swiggy.com/swiggy/image/upload/NI_CATALOG/IMAGES/CIW/2024/2/28/589290d5-553b-467a-b9cb-238d5dee7cc6_BeltsWalletsBagsinstamax_C5NCD10QM7_MN.PNG,10UK,https://www.swiggy.com/stores/instamart/p/B41URYNB1T?custom_back=true,https://www.amazon.in/sspa/click?ie=UTF8&spc=MTo2OTM5NjM2ODg2Mzc4NzgyOjE3NDUzMjM2MjI6c3BfYXRmOjMwMDQyOTA3Njk1NDczMjo6MDo6&url=%2FYo-kai-Relaxed-Footwear-System-Numeric%2Fdp%2FB0DNZ69L4G%2Fref%3Dsr_1_1_sspa%3Fdib%3DeyJ2IjoiMSJ9.nXJxVkQ60_uu7t9MqYg_E8dtGc5ZTrfUCFzgBqC_YfH5DwGZWFWUkDi1Kgz1yi-b5MGgPmpHZz_cF0Xmdwrh5cQMAW7AWnmqXpFkf9LvZHtanWJu7bvqavP51y_4wvyF5SCmUyTMAwZZh4op7-eNgFEScNt_t9XbsT3LNSUHyzwoDWt5S0HTgbX6I1-rqpQ5iMDIxkbctY8mtzSMXfrriYYgnMoZbf8jrOfhS6_2wYp5g4j8ouirBlDMvYYR9UQAllBMWO0KDRnKoxEQEI6TpuBxLM1I9cvoC_MVMJuejnU.w77v_yz-zuwq_NT_wgsPWInLMylKDSgBTfa2Zh9U3-g%26dib_tag%3Dse%26keywords%3DCrocs%2BClassic%2BCrocs%2BSandal%2BBlack_UK10%2B10UK%26nsdOptOutParam%3Dtrue%26qid%3D1745323621%26sr%3D8-1-spons%26sp_csd%3Dd2lkZ2V0TmFtZT1zcF9hdGY%26psc%3D1%26smid%3DA2WK3FD3AGEBYA,N/A,499,N/A,N/A
41,V242TO690K,Crocs Unisex Mellow Flip Flop Black,Footwear,https://instamart-media-assets.swiggy.com/swiggy/image/upload/NI_CATALOG/IMAGES/CIW/2024/2/28/a213a955-47db-47b5-a983-e9b89836dc82_BeltsWalletsBagsinstamax_3VJ1ZBAQ8B_MN.PNG,7UK,https://www.swiggy.com/stores/instamart/p/V242TO690K?custom_back=true,https://www.amazon.in/sspa/click?ie=UTF8&spc=MTo3NDcwNzQ1ODQ1OTQ2MTA0OjE3NDUzMjM2MjM6c3BfYXRmOjMwMDQyOTA3Njk1NTczMjo6MDo6&url=%2FYo-kai-Modern-Featherweight-Footwear-Numeric%2Fdp%2FB0D9CY5ZLN%2Fref%3Dsr_1_1_sspa%3Fdib%3DeyJ2IjoiMSJ9.HREdQvnKD8EnMCtYxUv9ig8W8fE5zwz7PIaQvkWnZU-MNIrhCWn_pCpSCmN10NmGxghCc5IAhNtan4e_6BofMy3Jr6foytkoXXDybStgbAMvrFHFndunnIqNJEzjnrHV99uVYuMSHjgbr2C4OI1FtdhPhuEbIagBaUmcjU1SBd7c5ttSfwBYHGiBzvtm19zT1CfDbVetkre9RCpAAp-Nta_xT4vb4t824zkzhXQyW19nWTGGR4SNcfJC-rPC808ongzQZEI9FuQJr2yguCJobYBsNXiU-ZRr9w9hw833Vfo.V5AjJdhSgcfRMNBfNW0L2ZeYtYq1DJw-jxu7t8v9HPE%26dib_tag%3Dse%26keywords%3DCrocs%2BUnisex%2BMellow%2BFlip%2BFlop%2BBlack%2B7UK%26nsdOptOutParam%3Dtrue%26qid%3D1745323623%26sr%3D8-1-spons%26sp_csd%3Dd2lkZ2V0TmFtZT1zcF9hdGY%26psc%3D1,N/A,499,N/A,N/A
42,CKZ0SXQUTK,PicFest Tissue Ribbon Red,Party Planning,https://instamart-media-assets.swiggy.com/swiggy/image/upload/e01b605f462c7bd5e1772af538621499,25meter,https://www.swiggy.com/stores/instamart/p/CKZ0SXQUTK?custom_back=true,https://www.amazon.in/sspa/click?ie=UTF8&spc=MTo1MTA2Nzg3ODE3ODgyMzE5OjE3NDUzMjM2MjY6c3BfYXRmOjMwMDUxNjExMzAwMzgzMjo6MDo6&url=%2FRibbon-Polyester-Wrapping-Multiple-Decorations%2Fdp%2FB0DY58V7JN%2Fref%3Dsr_1_1_sspa%3Fdib%3DeyJ2IjoiMSJ9.feivw604DzLkWybFw4kEGWhQwJufmDUe5fOA9DjUW41RdBIPUB0pFIK5BWmskop2yNFxuJhslKx6GR6jI9rZr355xXhZzOmNnMA0wlx_uU_Gfgx619Bs-NkjrdX97m3ED4lbE3IFjZjIgjVYQhD6yeV8o8YQcpYUMVdD7PdYh2WVJbBM-zknTwrCMVgdCa-DPXcfUrxEonespHAlk3CnrZQDqQjYaw6SqpXLrQkIAMtUBGBI5A3DFHKCMBjRkNzoQqy1Bl0stb0qwU8L_UeC-8AS0XEDa4cb2ZQzOxFlPWo.iw0MyEcTWILq8aKM-N5-nU_gDevrnTHOBkPFNjaZkwM%26dib_tag%3Dse%26keywords%3DPicFest%2BTissue%2BRibbon%2BRed%2B25meter%26nsdOptOutParam%3Dtrue%26qid%3D1745323626%26sr%3D8-1-spons%26sp_csd%3Dd2lkZ2V0TmFtZT1zcF9hdGY%26psc%3D1,N/A,999.,N/A,N/A
43,U8VF3AJXK3,Crocs Womens Splash Glitter Flip Flop Black,Footwear,https://instamart-media-assets.swiggy.com/swiggy/image/upload/NI_CATALOG/IMAGES/CIW/2024/2/28/a1d739fd-9152-488d-afa2-89c6f4e520c2_BeltsWalletsBagsinstamax_39PBVHMLXI_MN.PNG,1Piece,https://www.swiggy.com/stores/instamart/p/U8VF3AJXK3?custom_back=true,https://www.amazon.in/sspa/click?ie=UTF8&spc=MTo4NjUwNDY4ODE1ODcwNTU4OjE3NDUzMjM2Mjg6c3BfYXRmOjMwMDU0MDc5ODIzMjczMjo6MDo6&url=%2FPARIGHAR-Flip-Flops-Slippers-Comfortable-FormalWear%2Fdp%2FB0F5BVYCJ6%2Fref%3Dsr_1_1_sspa%3Fdib%3DeyJ2IjoiMSJ9.EH7jGWRtfxSPSNCCXVcgtnYdXMwxZYy6rLSHS9_BUvgyX0OeR75WCzYY-SYT68N8nn1Pqz-DAJpU1MVYG6cwFBCGqfBggjetkf7qt--JtPxaPZ5jrHKcv-ByuGletgXVlGQQYE2N5Ui0uVCbf_TjmwQKbWMSKsYyHNrbo-I4qTVftnRvRAcslbf5ZjPWWYI7bsa_tCBUoG2pJif1EVnD0w-7IrjWGXM_tq2mVXHe_OEpAk6n12GQe-q3lT3MuLnx5j059d7Ti1JwG9CvBduyc_N8axkf1odyWF5nTAcjMgE.iBgfb7f6ejEG9m2cO5b8tOeGzYXzQsIR3DNEHaGO1kg%26dib_tag%3Dse%26keywords%3DCrocs%2BWomens%2BSplash%2BGlitter%2BFlip%2BFlop%2BBlack%2B1Piece%26nsdOptOutParam%3Dtrue%26qid%3D1745323628%26sr%3D8-1-spons%26sp_csd%3Dd2lkZ2V0TmFtZT1zcF9hdGY%26psc%3D1,N/A,499,N/A,N/A
44,1VMO0QY8BB,Just Lil Things-gold-pin-earrings-jlt11312,Jewelry and Hair Accessories,https://instamart-media-assets.swiggy.com/swiggy/image/upload/NI_CATALOG/IMAGES/CIW/2025/1/15/f24de0e1-87e0-4a59-8c92-59330f4c7f3d_149868_1.jpg,25g,https://www.swiggy.com/stores/instamart/p/1VMO0QY8BB?custom_back=true,https://www.amazon.in/sspa/click?ie=UTF8&spc=MTo4NDEzMjk5NzExMjY0MzM6MTc0NTMyMzYzMTpzcF9hdGY6MzAwNDgxNDMxODc0NzMyOjowOjo&url=%2FZISTHI-Sterling-Silver-Traditional-Earrings%2Fdp%2FB0DRNYB8N4%2Fref%3Dsr_1_1_sspa%3Fkeywords%3DJust%2BLil%2BThings-gold-pin-earrings-jlt11312%2B25g%26qid%3D1745323631%26sr%3D8-1-spons%26sp_csd%3Dd2lkZ2V0TmFtZT1zcF9hdGY%26psc%3D1%26smid%3DAL9Y47R9B2EX4,N/A,1499,3.52,g
45,7IW4C17KR5,Crocs Unisex Mellow Flip Flop Black.,Footwear,https://instamart-media-assets.swiggy.com/swiggy/image/upload/NI_CATALOG/IMAGES/CIW/2024/2/28/a213a955-47db-47b5-a983-e9b89836dc82_BeltsWalletsBagsinstamax_3VJ1ZBAQ8B_MN.PNG,1Piece,https://www.swiggy.com/stores/instamart/p/7IW4C17KR5?custom_back=true,https://www.amazon.in/sspa/click?ie=UTF8&spc=MTo4NDI2ODQ0MTYzOTA0MzA5OjE3NDUzMjM2MzM6c3BfYXRmOjMwMDUzOTc3Mzg4OTIzMjo6MDo6&url=%2FDoctor-Health-Waterproof-Comfortable-Acupressure%2Fdp%2FB0F5BRXMR4%2Fref%3Dsr_1_1_sspa%3Fdib%3DeyJ2IjoiMSJ9.HREdQvnKD8EnMCtYxUv9ig8W8fE5zwz7PIaQvkWnZU97qn-R9WEVvv2khCqxQZgqoSxgwZPHevfFxWZOSLCob0ZcIP7OLIypu-Rc_nSoI7HkDc1k4EPDyJjSMUUJg36uS9fNdbyOc_FOF09IyUPbuz9yZAQMegG2TYJ80-ZHB1Pt_T6sHxyhZxTSa9ep_LvH-FS1BrBjXvAp0FDZFMkHl4dVT2j2E3wM944-YHqNRPKhKzsPhXEU_n78nfqWOgotYOxBo_VyyVxc7hcLheNub4BsNXiU-ZRr9w9hw833Vfo.mWR3mDcPaeRwmsj3vi71OJbmPH40UlMPW5kng_TFitE%26dib_tag%3Dse%26keywords%3DCrocs%2BUnisex%2BMellow%2BFlip%2BFlop%2BBlack.%2B1Piece%26nsdOptOutParam%3Dtrue%26qid%3D1745323633%26sr%3D8-1-spons%26sp_csd%3Dd2lkZ2V0TmFtZT1zcF9hdGY%26psc%3D1,N/A,699,N/A,N/A
46,N98Y0ZBRQK,Crocs Men Crocs Bayaband Flip Flop Navy,Footwear,https://instamart-media-assets.swiggy.com/swiggy/image/upload/NI_CATALOG/IMAGES/CIW/2024/3/13/e0b9c498-07fd-461a-b748-f76470d39fa3_HandkerchiefsandSocksinstamax_QWA83IT3UM_MN.PNG,1Pair,https://www.swiggy.com/stores/instamart/p/N98Y0ZBRQK?custom_back=true,https://www.amazon.in/sspa/click?ie=UTF8&spc=MTo0MDU1NzA1NDQ3MzAwOTc3OjE3NDUzMjM2MzY6c3BfYXRmOjMwMDQyOTA3Njk2MjczMjo6MDo6&url=%2FYo-kai-Modern-Featherweight-Footwear-Numeric%2Fdp%2FB0D9CWQ3VV%2Fref%3Dsr_1_1_sspa%3Fdib%3DeyJ2IjoiMSJ9.YEpsWxOruB01mGo8KooLZeofX-SFSUycWEIj9FwBwT94TppnETOQPYnRoou1KRKevg-Zi_TqL99CeTYHMhZPjoGL1b2WiqO_EwXclo30aRWrBs7HKoXfNR6tmyBCgfnrVamW865p8PrvTL8XJ79CypQylMu9UPQZINaJm-_gTP94pZP03cv3CYPzpFUEOiZ1IjmrGE3V-KCePTWHwGvA0lfmfInK6aNyFuYCZph62C2X5-Ih1jDsrRl-9sQSSOHq52EquPmjHk149tAE1BXD09udjObQquyBauc7jxx31AU.aZCDeA1-y5GppnvyJHwIsENKP-Cj87-DTNPifLTpIAs%26dib_tag%3Dse%26keywords%3DCrocs%2BMen%2BCrocs%2BBayaband%2BFlip%2BFlop%2BNavy%2B1Pair%26nsdOptOutParam%3Dtrue%26qid%3D1745323636%26sr%3D8-1-spons%26sp_csd%3Dd2lkZ2V0TmFtZT1zcF9hdGY%26psc%3D1,N/A,499,N/A,N/A
47,0ZA9PO17WA,VI-JOHN All Skin Type Shaving Cream with Tea Tree oil and Bacti-Guard for All Skin Types,Beauty and Grooming,https://instamart-media-assets.swiggy.com/swiggy/image/upload/NI_CATALOG/IMAGES/CIW/2025/1/13/2bf2fa0d-d182-455e-94ee-0062fb1397b3_383341_1.png,55g,https://www.swiggy.com/stores/instamart/p/0ZA9PO17WA?custom_back=true,https://www.amazon.in/sspa/click?ie=UTF8&spc=MTo0MTk0NTc0MjM1NTY5NTAxOjE3NDUzMjM2NDE6c3BfYXRmOjMwMDQ4OTIzOTM2NzgzMjo6MDo6&url=%2FPremium-Shaving-Sandalwood-Personal-Professional%2Fdp%2FB0C8CPQRR1%2Fref%3Dsr_1_1_sspa%3Fdib%3DeyJ2IjoiMSJ9.i2vTppZnmw6NHYDu3e5V3NhYsUdrGksofdEo8LGMozp2D1KPoRGRKhuqk4DY9_vtauNjWLYW349zN5FxLPexhyB5Qn_SVwYICquOMdHgxM2fuHs2N_62LpmzJAM6P9HINHDuwlvycfM1_v46yHIhHwtnDNq5KeGnHsv615gz2bP9mQCKSQe8ForW8Si1dtiAtBcOdqpIoxiU23kBi9LiOEJpPEcgqNGR1pQ0qq8xJl7J4fzY0Gh9eQ8HlcQDr6YBZkEgKgbe-AdAvMwRkDV88DEabDkJC2BMBTtO8KJxaEE.tvaK317fP60aL5fyYU_xrJyDeENzx7UKsITSBIyGciE%26dib_tag%3Dse%26keywords%3DVI-JOHN%2BAll%2BSkin%2BType%2BShaving%2BCream%2Bwith%2BTea%2BTree%2Boil%2Band%2BBacti-Guard%2Bfor%2BAll%2BSkin%2BTypes%2B55g%26qid%3D1745323641%26sr%3D8-1-spons%26sp_csd%3Dd2lkZ2V0TmFtZT1zcF9hdGY%26psc%3D1,N/A,537.,75,g
48,UV221DFOF8,WinMagic Li'l Diva 13 Pcs Peppa Pig Fashion Gift Set - Multicolour,Jewelry and Hair Accessories,https://instamart-media-assets.swiggy.com/swiggy/image/upload/NI_CATALOG/IMAGES/CIW/2024/6/22/a5318dea-b557-4596-acc8-977fae78a181_AA_UV221DFOF8_MN.png,1pack,https://www.swiggy.com/stores/instamart/p/UV221DFOF8?custom_back=true,https://www.amazon.in/Lil-Diva-Accessories-Multicolor-rubber/dp/B0BP2G3HH8/ref=sr_1_1?dib=eyJ2IjoiMSJ9.jiS1tzx8Drdr5HJbdzgLRejaDcYuN1oN3lAuuMtmEzXtfrRN_W5r4-YlaiEM_iWXEJ4m1wDpeUSgLE70zgd4XoFnfHlOCn1c-QjWsDtSvu3LKCeYdjUhH_6BpT5xO-m3_E3hhoeVJ9f9NEGXLqV7mTobWXcmN51o2U5TqUWh96JtpCyoYh7rr8aUCaaOWqcGA8Z2aLVALO1Y42yvpObyy-o5y-sOEu0A1zph-9qfYjEcm5JErHYhrRrM-6M_Z2zdCsnWPHS2nEcmUzyrOzp3tg.PQfWM9YLnnZaDt-6mkHQjo3d0f8WT234eEDI-FQWwYI&dib_tag=se&keywords=WinMagic+Lil+Diva+13+Pcs+Peppa+Pig+Fashion+Gift+Set+-+Multicolour+1pack&qid=1745323645&sr=8-1,N/A,264.,6,pcs
49,K5IF5YXNTR,"VI-JOHN Prakritik Tomato Under Eye Gel, Reduces Dark Circles & Fine Lines, 100% BioActives",Beauty and Grooming,https://instamart-media-assets.swiggy.com/swiggy/image/upload/NI_CATALOG/IMAGES/CIW/2025/1/13/308f62e1-af00-4781-99bd-0987f4494251_202651_1.png,15g,https://www.swiggy.com/stores/instamart/p/K5IF5YXNTR?custom_back=true,https://www.amazon.in/sspa/click?ie=UTF8&spc=MToxMzQ4MTM0NDQ2MTkwNzU3OjE3NDUzMjM2NDg6c3BfYXRmOjMwMDE1NDc5ODYwODMzMjo6MDo6&url=%2FArk-Boosting-Eyelifts-Brightens-Hydrating%2Fdp%2FB0CP7Q42CP%2Fref%3Dsr_1_1_sspa%3Fdib%3DeyJ2IjoiMSJ9.sbys9CaK6AsGJiEGl6bXEWPcckrmG8BWqDTw9iZ8nkCAnEd3FFOx2zUWSVMVGP-BybhWyLHs7wSc6Se57uHNmB17ItNIkv1H7SY8cu4VpH_jaSXtKbj-qAjpUdWey53GamJj1PiA9DMEoQUmFQxVrIcS0clp63mv6q_NJKx1DObLejMrZdPI3Fwz0Ixrp16RoKdh72t5jvLTxsaLDXtWIUU9ZGQh-Dm_xBid2PMoYRH2eqLf02YYWNwH6DeVv7lSA4RCB76UcPzY5RSIMiTt7v9REo4U7hzfKdv8sGSEt0A.RjO7LL-pLs855MZ4hPxZvtiFjTLRZkdRFiOWiHuBFdA%26dib_tag%3Dse%26keywords%3DVI-JOHN%2BPrakritik%2BTomato%2BUnder%2BEye%2BGel%252C%2BReduces%2BDark%2BCircles%26nsdOptOutParam%3Dtrue%26qid%3D1745323648%26sr%3D8-1-spons%26sp_csd%3Dd2lkZ2V0TmFtZT1zcF9hdGY%26psc%3D1,495.00,549.,50,ml
50,2FYNHWJ9I3,Just Lil Things Minimalist Silver Heart Dangle Earrings jlt11643,Jewelry and Hair Accessories,https://instamart-media-assets.swiggy.com/swiggy/image/upload/NI_CATALOG/IMAGES/CIW/2024/12/21/c346daa3-c23a-4301-8ef7-4d1f7b7033fc_210813_1.png,25g,https://www.swiggy.com/stores/instamart/p/2FYNHWJ9I3?custom_back=true,https://www.amazon.in/sspa/click?ie=UTF8&spc=MTo2MjE3OTk2ODMyNzE1MzY6MTc0NTMyMzY1MzpzcF9hdGY6MzAwNTE5MDcwMTQ0NjMyOjowOjo&url=%2FTrending-Anti-tarnish-Minimal-Earring-Opulentbyru%2Fdp%2FB0DX4915XK%2Fref%3Dsr_1_1_sspa%3Fdib%3DeyJ2IjoiMSJ9.ZgmCVc3xpYr780ck6QwBXMBAmV3qc8Jei-A_JAJpsLWMnEQSUe_yPv-2CgAyXaEr8NyjZGO2BC-BrgAWR5I-L517mIW0qQt_ZuuD_1lLQ0lpxES1U3sRiLGegGIcjpMtos0GjcWn7O60gpq22ACrkf3oUquZo9pxaXGgVAcKi-0m-o05dqPIXb5gC50g8I3yiZu1BKYZd59fJB76vvHUjttolfLLjLjeL-SulbgTVy-jLdBiUROQudIN4tnQgy9rY-zNiSio3_EiREfhlpZ_yPK8VEnb8NPXxOegRqAzj3E.cZRAqsUyCqDF-qlJaMc7-uVGVVAPFynIYYue_XhGkTU%26dib_tag%3Dse%26keywords%3DJust%2BLil%2BThings%2BMinimalist%2BSilver%2BHeart%2BDangle%2BEarrings%2Bjlt11643%2B25g%26qid%3D1745323653%26sr%3D8-1-spons%26sp_csd%3Dd2lkZ2V0TmFtZT1zcF9hdGY%26psc%3D1,N/A,399,N/A,N/A
51,W0VA3PATDI,Crocs Womens Splash Studded Flip Flop Red_UK8,Footwear,https://instamart-media-assets.swiggy.com/swiggy/image/upload/NI_CATALOG/IMAGES/CIW/2024/2/28/70cce53d-953e-47e7-840e-a1f1a9fd4c5b_BeltsWalletsBagsinstamax_J45KXFTCPW_MN.PNG,8UK,https://www.swiggy.com/stores/instamart/p/W0VA3PATDI?custom_back=true,https://www.amazon.in/sspa/click?ie=UTF8&spc=MTo0NjMxNTE3MTg0MTIwNzQ1OjE3NDUzMjM2NTc6c3BfYXRmOjMwMDUyNDg4MTIyOTMzMjo6MDo6&url=%2FLUDIC-Collection-CloudFrame-Technology-Ultra-Soft%2Fdp%2FB0F29RMM1P%2Fref%3Dsr_1_1_sspa%3Fdib%3DeyJ2IjoiMSJ9.EH7jGWRtfxSPSNCCXVcgtqTORG0knLoNY81eLqto5wSyeDMO8_c5UO8rfy_anl4psBrvEwkK97B1SJ4sNJdauWrL5Yq5-MHbId9DUUH6iaPYaz9EDwtRuKGeZXLnk2HCVJv9Ddl3BAoUJQI7068YGCsEgOGUcajrA8GFF4XaQl1j0kABu0LLwJlydT5Nxp1BNbCMg9rTSwcCyf3ufb5bpNGCYM95Fu3a_aS6UHA68kW41u2hynbK5qChdEGeT0j9x2U43Z-cFCiAj1YEQx22KzMfIsEOSqgb3U6mvSsMsgI.dJ_i1UOpkzKXt-4jVmnYYckQArFdnAsh-holiXDP3yo%26dib_tag%3Dse%26keywords%3DCrocs%2BWomens%2BSplash%2BStudded%2BFlip%2BFlop%2BRed_UK8%2B8UK%26nsdOptOutParam%3Dtrue%26qid%3D1745323657%26sr%3D8-1-spons%26sp_csd%3Dd2lkZ2V0TmFtZT1zcF9hdGY%26psc%3D1,N/A,1999,N/A,N/A
52,GGOXDS713T,Sosyo mix fruit flavoured drink,Cold Drinks and Juices,https://instamart-media-assets.swiggy.com/swiggy/image/upload/NI_CATALOG/IMAGES/CIW/2024/9/25/f0db8ab0-a8a8-401e-a5af-d57e84afdedc_151289_1.png,500ml,https://www.swiggy.com/stores/instamart/p/GGOXDS713T?custom_back=true,https://www.amazon.in/sspa/click?ie=UTF8&spc=MToyMDc2NzI4NTM0OTE5MzMyOjE3NDUzMjM2NjA6c3BfYXRmOjMwMDUyNDUyMjcxMzUzMjo6MDo6&url=%2FBerry-Superfood-Multiple-Vitamins-Natural%2Fdp%2FB0F37JPDMV%2Fref%3Dsr_1_1_sspa%3Fdib%3DeyJ2IjoiMSJ9.fRdFNGzyU9SUKpLRQccvinx03Mvcva064iBxY8yythqKe3bOLrfDnMYJstQD3DOgo-_ASthpkXXZ7C-FyWNFFfvKfL6Qu9ikBZdqWHdLRrig2Sth1BwHJWfQD45otjwVmLbECJkv2QFiZHEYy1b_0xTYx2WmmIqhv3qK-qCEtkJ_rH8ucxPIoYFY_UyZhyuFeX9vZpOrlOyXwEuCzTihqD1jh2JZ7foDQPT7t2yUJkfFy47HuYfCRP6vIyMOoenVXLESbiWav4Zu5I9ZXdPfpVQKnuWwkwah5if8P2-yiWY.dniDuwJL53EOy61c9ePCTCAcad4WbftafzFSDCG4fAI%26dib_tag%3Dse%26keywords%3DSosyo%2Bmix%2Bfruit%2Bflavoured%2Bdrink%2B500ml%26qid%3D1745323660%26sr%3D8-1-spons%26sp_csd%3Dd2lkZ2V0TmFtZT1zcF9hdGY%26psc%3D1,N/A,449.,N/A,N/A
53,WU4HXIZIGS,Just Lil Things-artificial-earrings-jlt12326,Jewelry and Hair Accessories,https://instamart-media-assets.swiggy.com/swiggy/image/upload/NI_CATALOG/IMAGES/CIW/2024/12/21/db2fa1fc-6750-43b4-b568-5f1cb6060db3_291612_1.png,25g,https://www.swiggy.com/stores/instamart/p/WU4HXIZIGS?custom_back=true,https://www.amazon.in/sspa/click?ie=UTF8&spc=MTo3NTc2MjM1NDQ0OTUzNDc5OjE3NDUzMjM2NjU6c3BfYXRmOjMwMDQ4MTQzMTg3NDczMjo6MDo6&url=%2FZISTHI-Sterling-Silver-Traditional-Earrings%2Fdp%2FB0DRNYB8N4%2Fref%3Dsr_1_1_sspa%3Fkeywords%3DJust%2BLil%2BThings-artificial-earrings-jlt12326%2B25g%26qid%3D1745323665%26sr%3D8-1-spons%26sp_csd%3Dd2lkZ2V0TmFtZT1zcF9hdGY%26psc%3D1%26smid%3DAL9Y47R9B2EX4,N/A,1499,3.52,g
54,RA4R87Q995,Crocs Womens Splash Slides Black,Footwear,https://instamart-media-assets.swiggy.com/swiggy/image/upload/NI_CATALOG/IMAGES/CIW/2024/3/27/454bd24a-c917-4f70-a246-5c339e3fa0a0_BeltsWalletsBagsinstamax_UZ5M4F35UF_MN.JPG,7UK,https://www.swiggy.com/stores/instamart/p/RA4R87Q995?custom_back=true,https://www.amazon.in/sspa/click?ie=UTF8&spc=MToxNzQ2MTA0ODkxMjc1MzQ5OjE3NDUzMjM2Njk6c3BfYXRmOjMwMDUyNDg4MTIyOTEzMjo6MDo6&url=%2FLUDIC-Collection-CloudFrame-Technology-Ultra-Soft%2Fdp%2FB0F29SYB4Q%2Fref%3Dsr_1_1_sspa%3Fdib%3DeyJ2IjoiMSJ9.Jck67PFY-oWirKT2Wv7HdqSZXm-dOPLCES6d0yk6z167tYjBHFX6DRUA2h9ZiAhkWAHmepS5faEMNkRkfQHjaAh4xe0HW1G4mts_-HN9W_VjaVEIsFxHeiFp90ibMtPXt4_YIw91Kg6OXRdi4h4wZ24qActwfcZU6abLci-PNeQxwG5GLqhpmhXZAKduCygakYNyOZ16-1y79q0GTUJZhwEN3lENTAH67P-a5EhVdqXg1rAwlUgVtKSvJ-VSGPuhPNMmNmkK3gUJMjpn2LZZneBxLM1I9cvoC_MVMJuejnU.dYbeXqoZ54Ld885z1hF51fPD6qndBCV6n0LDMvAwvC0%26dib_tag%3Dse%26keywords%3DCrocs%2BWomens%2BSplash%2BSlides%2BBlack%2B7UK%26nsdOptOutParam%3Dtrue%26qid%3D1745323668%26sr%3D8-1-spons%26sp_csd%3Dd2lkZ2V0TmFtZT1zcF9hdGY%26psc%3D1,N/A,1999,N/A,N/A
55,MQUR9935E2,Crocs Womens Kadee II Graphic Sandal Pink,Footwear,https://instamart-media-assets.swiggy.com/swiggy/image/upload/NI_CATALOG/IMAGES/CIW/2025/1/28/82a93d5f-6bf8-406a-9c9f-e100e06890a8_73875_1.png,7UK,https://www.swiggy.com/stores/instamart/p/MQUR9935E2?custom_back=true,https://www.amazon.in/Crocs-Womens-Kadee-Graphic-Sandal/dp/B0B8TQM6MQ/ref=sr_1_1?dib=eyJ2IjoiMSJ9.rj8ty79zngsVkSqTw3pBeQYQYFXnCksaWWJkWXLtZa7E85o34RePhUtN8oAZ_vmLOq3haeelivREu2bp-jCjdyd2wVva-D97RLRKT35mf8CYjfTxjYb7auIeHHmmEijRSlO_Vjd1CC2Mw8sll_mWtR5j35hymGfCrv20nzVr5XfpHUI__BeLfl_0iai-dGMPqOsNqcT4hrFIpXqqkDkDeQ4xf8kSBn01_mJHZgLxe0FK87uVJBR_hrfbLZ47sELtoB3qA3PZGuBcJDxM-y35yYuR9W5MZwSLRbb66AETyXo.pX1EDU3SRU6wE8_DJKCkS-uNLY-GrW-pfFpl4SugoGg&dib_tag=se&keywords=Crocs+Womens+Kadee+II+Graphic+Sandal+Pink+7UK&nsdOptOutParam=true&qid=1745323673&sr=8-1,N/A,2795,N/A,N/A
56,OIL3BWDI13,Just Lil Things Gold-Plated Heart Pendant Necklace  Elegant Minimalist Design for Everyday Wear jltn0549,Jewelry and Hair Accessories,0,25g,https://www.swiggy.com/stores/instamart/p/OIL3BWDI13?custom_back=true,https://www.amazon.in/sspa/click?ie=UTF8&spc=MTo0NjMzOTYyOTY4MjQzNzYyOjE3NDUzMjM2NzY6c3BfYXRmOjMwMDM0OTk2NTc2NTYzMjo6MDo6&url=%2FGIVA-Sterling-Ballentine-Certificate-Authenticity%2Fdp%2FB0BY2MDFXT%2Fref%3Dsr_1_1_sspa%3Fdib%3DeyJ2IjoiMSJ9.7VNAzjn0M2_8p77jchmPdBSErEcw1keOthDqjIFj2bjwJy8ewxFrTbL7jFA7NcdHkpLmI-9XiRFw25gWN9Nqt7UwwV3P8pjCVJiUUIoH6FqH-P8YlKVkJqc0MtGWnlusuG_4jMcN8NcQ6VBF2ze5rS7xTSdgwW0F9KHRAdSNGIpH8heIBgkTKcLGsy45mLC8YOKtfQaOHhe3Z_hQAb_sXmeVugSyJanuK60rjbPagvqBU_2afwfAob8rnf4hBty1CQZ2KUGCiKh0LCc8sG6n-MXfyMM1wyGc9GkT7fFAO1o.-VPDa2uaprttG6H53PMQ7htEKvhVqBSTF2Zf57zkbfU%26dib_tag%3Dse%26keywords%3DJust%2BLil%2BThings%2BGold-Plated%2BHeart%2BPendant%2BNecklace%2B%25C3%25A2%25E2%2582%25AC%25E2%2580%259C%2BElegant%2BMinimalist%2BDesign%2Bfor%2BEveryday%2BWear%2Bjltn0549%2B25g%26nsdOptOutParam%3Dtrue%26qid%3D1745323676%26sr%3D8-1-spons%26sp_csd%3Dd2lkZ2V0TmFtZT1zcF9hdGY%26psc%3D1,N/A,8799,N/A,N/A
57,GFDBY1H0W7,Just Lil Things Vintage-Inspired Amber Resin Hoop Earrings with Gold Accents jlt11501,Jewelry and Hair Accessories,https://instamart-media-assets.swiggy.com/swiggy/image/upload/NI_CATALOG/IMAGES/CIW/2024/12/21/53e6da8c-47d4-4b7a-812e-eb747d98ebfe_138910_1.png,1Pair,https://www.swiggy.com/stores/instamart/p/GFDBY1H0W7?custom_back=true,https://www.amazon.in/sspa/click?ie=UTF8&spc=MTo0MjIzODIzMzcyOTAzMzQwOjE3NDUzMjM2ODA6c3BfYXRmOjMwMDUzMzQwODcxNTMzMjo6MDo6&url=%2FStar-Shaped-Gold-Plated-Jewellery-Resistant-Lightweight%2Fdp%2FB0F3DGFCPC%2Fref%3Dsr_1_1_sspa%3Fdib%3DeyJ2IjoiMSJ9.0D5bT39XbxUDgrPETVApqzkSgoCp5YxUySwpESr1R6Yfnkh1dvgLMZI0zG7o7qZbBSl023VsQueNQIrLZCfMkEx3zGrDiMNXm5iM4MacHqbdJEFG-IQIh92tUuaL04YOFFlhTyC0P4duxs-73XwcUjOc6AyzSUqDxC9dQ_PklprjjD_LDgtf3Un6SqAyt_lhcavHNDJCtC7TXAOEGIOUlPYt3v2rl9NMYwBFS58K_zinRZ18hLd4HFh-kc3War6dRFU-kqHKHV7Qy36pakGGiumNVbBW9c1DaLIUcZTBjWw.BGffCDOBBqJUj-HwHc7D0KcUFkEiwlGXRw1y0nIhKdo%26dib_tag%3Dse%26keywords%3DJust%2BLil%2BThings%2BVintage-Inspired%2BAmber%2BResin%2BHoop%2BEarrings%2Bwith%2BGold%2BAccents%2Bjlt11501%2B1Pair%26qid%3D1745323680%26sr%3D8-1-spons%26sp_csd%3Dd2lkZ2V0TmFtZT1zcF9hdGY%26psc%3D1,N/A,749,N/A,N/A
58,8R4PTYCN1Q,Crocs Mens Yukon Khaki Flip Flop Blue,Footwear,https://instamart-media-assets.swiggy.com/swiggy/image/upload/NI_CATALOG/IMAGES/CIW/2024/2/27/b130d9e0-374e-4485-b88b-e8e6a952f520_BeltsWalletsBagsinstamax_ZSFWZIFGAZ_MN.png,8UK,https://www.swiggy.com/stores/instamart/p/8R4PTYCN1Q?custom_back=true,https://www.amazon.in/sspa/click?ie=UTF8&spc=MTo1NDg2NzQwNjA0MjI4MjI6MTc0NTMyMzY4MjpzcF9hdGY6MzAwNDI5MDc2OTYyNzMyOjowOjo&url=%2FYo-kai-Modern-Featherweight-Footwear-Numeric%2Fdp%2FB0D9CWQ3VV%2Fref%3Dsr_1_1_sspa%3Fdib%3DeyJ2IjoiMSJ9.pdxd2xQ7BY5eZkusKraz_UzEJiUhKojpZnY0fr4uXVsOI4rwmeIlZRwN3nLqgk4zzMLZ4kDwKewj2P7LhB1lyfmv3nN-axMCGO0eZlSGIRHBP8HHiDhivVyZ7V43F4g3eVExMHhgf2XRxL6HMmk_OU5VABrZPv3kK6Ru4Q7gOoaMJOUh8kCMP7syHvocKmDP0Y0cok6lK8KV2O2pU_ucDF6G1kd1BnmN1MZP6LIvfv_BMK_m4ZSxJrGI-agiXXFpumhj0xr9yNhGlbureoH8KJmafXVSZx-9nGO366NUbKc.gQy3WcQGXfrnabzpDFJYr5yVPZLjZSUg5kWzFU4fMII%26dib_tag%3Dse%26keywords%3DCrocs%2BMens%2BYukon%2BKhaki%2BFlip%2BFlop%2BBlue%2B8UK%26nsdOptOutParam%3Dtrue%26qid%3D1745323682%26sr%3D8-1-spons%26sp_csd%3Dd2lkZ2V0TmFtZT1zcF9hdGY%26psc%3D1,N/A,499,N/A,N/A
59,327DJM1A0A,Jimmy's Peach Beer - Non Alcoholic,Cold Drinks and Juices,https://instamart-media-assets.swiggy.com/swiggy/image/upload/NI_CATALOG/IMAGES/CIW/2025/1/18/3c130244-1e31-4ba9-a55c-95efe0b0f7e3_173533_1.png,250ml,https://www.swiggy.com/stores/instamart/p/327DJM1A0A?custom_back=true,https://www.amazon.in/sspa/click?ie=UTF8&spc=MTo2MDczMTUxMTA3MDk0MzU3OjE3NDUzMjM2ODQ6c3BfYXRmOjMwMDQxNjg2NjI3NzMzMjo6MDo6&url=%2FBevaro-Refreshing-Cocktails-Mocktails-Beverages%2Fdp%2FB0D2LDFWLC%2Fref%3Dsr_1_1_sspa%3Fdib%3DeyJ2IjoiMSJ9.RxrQJdP4bIsPVQKFuMCztbLKsZPIFj51WWfAiq--y2GC23U_NH1whX6VQ0jPywKyh4RDPhyU8r41YcWVS3qi0WU7AsX7MYcVPkcO3zsFV9FiTcIyr3nZCqZk6MOxiaRFoswYJ_XVeDvfy4xJcVtNiuipMkXzJBloZjylKJXA3PQAc_JgBMat_hQCKL3SKt4QKyluQY39UH90K18FsYGCJdPXHxyyV8IMaZ1y40VN8AkruDSNVZ7RahMhlbHQ88p_upoMv0qhWZZltOBSGnUI9k-diQoZsTnu1VSKIRPCx6Q.qW35aL7emLpj89oec8OzqeObeow1SrGKcJz-S8CW4CY%26dib_tag%3Dse%26keywords%3DJimmys%2BPeach%2BBeer%2B-%2BNon%2BAlcoholic%2B250ml%26qid%3D1745323684%26sr%3D8-1-spons%26sp_csd%3Dd2lkZ2V0TmFtZT1zcF9hdGY%26psc%3D1,N/A,469.,300,ml
60,SDAYSF57A7,Britannia Double Choco Chip Cake,Biscuits and Cakes,https://instamart-media-assets.swiggy.com/swiggy/image/upload/NI_CATALOG/IMAGES/CIW/2024/11/13/3099f0a6-3b20-49a6-a196-c6ecb4b21d02_403411_1.png,250g,https://www.swiggy.com/stores/instamart/p/SDAYSF57A7?custom_back=true,https://www.amazon.in/sspa/click?ie=UTF8&spc=MTo2NjY1MTk3NjcyNTM4MjYwOjE3NDUzMjM2ODg6c3BfYXRmOjIwMTMxMzgzODc3Mzk4OjowOjo&url=%2Ftwo-little-birds-Chocolate-Vegetarian%2Fdp%2FB0BN45783M%2Fref%3Dsr_1_1_sspa%3Fdib%3DeyJ2IjoiMSJ9.THK-yMUIMI5kitVZ1oJQ4LMzcB4aX54pstEu1DRF89FaZckmr2PSZEqGGY7ribhpdu1MQWkA6DBzf2KShDEFqq7WaR7ICVEiVxvsMOwnIJt-xR_2XoG9bAXWXdvtD_SkZsCjGQU4HxQeFf0FK4sxTwJX9aDwrVmRiscCclLOYZd6ErGAnahJSZJT2FzFIVWPNtU5dA5ueYsC8ByF5YJCGKtx0K8bhUDhLdZ8_AWukEN1rhH6eoJNz6j-UyxlC3eFV4ig9qdCMSXnxQPw1Cbwd3y7WhUk7_yej2EvwK7KJmM.Pi1cZgfV3mQBhsa2-Y6j5_RwbACtxSAfknG1TleK_QM%26dib_tag%3Dse%26keywords%3DBritannia%2BDouble%2BChoco%2BChip%2BCake%2B250g%26qid%3D1745323688%26sr%3D8-1-spons%26sp_csd%3Dd2lkZ2V0TmFtZT1zcF9hdGY%26psc%3D1,N/A,560.,250,g
61,JFGY9QLPNW,Diacraft Pillar Candle 3X3Inch,Home,https://instamart-media-assets.swiggy.com/swiggy/image/upload/ab2c61429026cd71e1764e14001aa476,1Piece,https://www.swiggy.com/stores/instamart/p/JFGY9QLPNW?custom_back=true,https://www.amazon.in/sspa/click?ie=UTF8&spc=MTo3Mzk2NTEzNTY3NjAxOTM6MTc0NTMyMzY5MDpzcF9hdGY6MzAwNTMyMjQyNDU1ODMyOjowOjo&url=%2FDVelasTM-Unscented-Orange-Pillar-Candles%2Fdp%2FB0DZ6FN2KX%2Fref%3Dsr_1_1_sspa%3Fdib%3DeyJ2IjoiMSJ9.PEVsdS9a7qUTtsDJ64xvGiQ9ZqUvR3_FT78xg28mu9Ssj-iguAyiYoR8ixQrz3QYy_drioy1Rr34rP9lFI6FaNysWTf9Hifl5bovA50_B7yUhHxLd1qrus-UTSZC1rAa_PIN6jN2-HVraGyO-xPQUiYOzIGKA6_svgMIo3SLOTNJqpOO-2xyClj-L1HMvRp1_lqlmijsq9TZDT16hemeCSGvHtgipNQ9U7HwaenSAtJzha9Vsh8SbTq7rxImtrZQD-AVHXgfMB70z80QR38le9Twy_-LOZVxzyw5huAzIzo.JwlAItVwOGC9SJP5EBtQAZyRTmEKPtleg6w0HiJPJvI%26dib_tag%3Dse%26keywords%3Ddiscraft%2Bpillar%2Bcandle%2B3x3inch%2B1piece%26qid%3D1745323690%26sr%3D8-1-spons%26sp_csd%3Dd2lkZ2V0TmFtZT1zcF9hdGY%26psc%3D1,N/A,929.,N/A,N/A
62,CUL6768UUR,Crocs Womens Crocs Splash Flip Flop Black,Footwear,https://instamart-media-assets.swiggy.com/swiggy/image/upload/b95f60ae363a1e55b4bd7bfb15b87f83,1Piece,https://www.swiggy.com/stores/instamart/p/CUL6768UUR?custom_back=true,https://www.amazon.in/sspa/click?ie=UTF8&spc=MTo4NDExNDkzMzc0NzAxNjcwOjE3NDUzMjM2OTM6c3BfYXRmOjMwMDUzNjAzNDE3MzkzMjo6MDo6&url=%2Ftresmode-FLASTRIP-Womens-Flats-Sandals%2Fdp%2FB0DGMZ9CJR%2Fref%3Dsr_1_1_sspa%3Fdib%3DeyJ2IjoiMSJ9.nufuQGSSzY5mqXU44Wu69K011TXz0ZJl1-n4Uz9sRsBwQ3WxPgNpHE2kJ-69j0_NTCg7SCFSxoxwRu-AEjX96rY25ZiF0oGtg81NYqV0KYTROZBtz01q_HeltpPNtJKnRK_jpjTFPWZ0YGTSzcSJn7_yjG8sC7lVGyoMWO_1S9cJWx69XRVRO3fyalwOpoS1N5BLoHBUnOmQ_NYCNFibiwJej3tRAnI5sZHWJuoVQ9NqJV62X3PAP3oEmnCMXmMC2uZoLRISKWD1KrWqQgFfUnUjC4tUEHaWNwIqTrbY4dU.ByW2E7w9T0epVjfNOLT7Txrt6k-PftXdF0trRlY8OGA%26dib_tag%3Dse%26keywords%3DCrocs%2BWomens%2BCrocs%2BSplash%2BFlip%2BFlop%2BBlack%2B1Piece%26nsdOptOutParam%3Dtrue%26qid%3D1745323693%26sr%3D8-1-spons%26sp_csd%3Dd2lkZ2V0TmFtZT1zcF9hdGY%26psc%3D1,N/A,2079,N/A,N/A
63,5IROS1FBFC,Wonderchef Click & Cook Casserole Set of 3,Kitchen and Dining,https://instamart-media-assets.swiggy.com/swiggy/image/upload/NI_CATALOG/IMAGES/CIW/2024/12/17/3b120d5d-6945-479c-a7d2-69f2c203f3a8_986396_1.png,1box,https://www.swiggy.com/stores/instamart/p/5IROS1FBFC?custom_back=true,https://www.amazon.in/sspa/click?ie=UTF8&spc=MTo0MjIwMDg0MzMwMDg1OTUzOjE3NDUzMjM2OTY6c3BfYXRmOjMwMDI0MTcwODg0MzYzMjo6MDo6&url=%2FWonderchef-Nutri-Blend-Watts-Juicer-Grinder%2Fdp%2FB00W56GLOQ%2Fref%3Dsr_1_1_sspa%3Fdib%3DeyJ2IjoiMSJ9.-O5E_GEhCnHwmu4sVLiPfjects7jIxKfYpZSUAvBW96igWn07PUrwWqnKl8BtxlZhk3T7_5fAitxBtCygSDhPcAd-YeswoCMxRWY3tRdW_4.NQjJGGuydkOtsLE8wD4rCxeth-DEkbV-IjzWJARJhxE%26dib_tag%3Dse%26keywords%3DWonderchef%2BClick%26qid%3D1745323696%26sr%3D8-1-spons%26sp_csd%3Dd2lkZ2V0TmFtZT1zcF9hdGY%26psc%3D1,5300.00,2399.,N/A,N/A
64,LFONN8ZW68,boAt Powerpod 200 - White,Electronics and Appliances,https://instamart-media-assets.swiggy.com/swiggy/image/upload/NI_CATALOG/IMAGES/CIW/2025/1/10/a9db5819-227b-4676-81f1-f3220e1b6472_716114_1.png,1box,https://www.swiggy.com/stores/instamart/p/LFONN8ZW68?custom_back=true,https://www.amazon.in/boAt-Powerpod-200-Transmission-Protection/dp/B0DB28LMRZ/ref=sr_1_1?dib=eyJ2IjoiMSJ9.pTiRgF7Df58ufhxPZMERdWLouQclSPau3SJUocWQnEI0RgvYynbWd0mYLUWY7ytcPtyFedrm4qHy9rt-eFONAw.YH6YmgSSbJMKORTCraOPXgapHBdelcyKNuSdEafYkyU&dib_tag=se&keywords=boAt+Powerpod+200+-+White+1box&nsdOptOutParam=true&qid=1745323700&sr=8-1,2999.00,1198.,N/A,N/A
65,2THOTKT2D2,Sparx Slippers SF0204G Blue Black- 10 UK,Footwear,https://instamart-media-assets.swiggy.com/swiggy/image/upload/NI_CATALOG/IMAGES/CIW/2024/12/18/a5d3361e-c9ce-4a8e-9f06-7ebc621e0a4d_52270_1.png,10UK,https://www.swiggy.com/stores/instamart/p/2THOTKT2D2?custom_back=true,https://www.amazon.in/sspa/click?ie=UTF8&spc=MToxMjA2NDk2NTk2MzI1OTE3OjE3NDUzMjM3MDM6c3BfYXRmOjMwMDM5OTcyMzExMDEzMjo6MDo6&url=%2FTREATTOES-Orthopaedic-Diabetic-Flip-Flop-Daily-wear%2Fdp%2FB0DKTC6L6W%2Fref%3Dsr_1_1_sspa%3Fdib%3DeyJ2IjoiMSJ9.maNQPTWQ7gLyS9FYFFeZvy20szj2pVFmxjSPAKfvF1wrDxajChAG6qUKIZqYTjiuGvwNPLD4UvaNueYyAH5nYrso0IgIMXx7ZJEhvWPDfJWnYP3btd_JCDOV_eFVllmNnMxDNvRY58lYJOSckIVyQeV9Ew4nEJbAN8dPx9X6_nhusnrlD6NPqD2BjLGe-1n1YTC_NtLZhYPoaKEs8AUMUwGw_XiLPbaEvksOwVAdRdeZJ-GSjxFWkNwCaLGsikoVNA7coYe7AcZBoyTW7tNv75ovwl0aeASLCT8AAInghxQ.n1xtN_rYtT6dmLOsNUdFYzcK9Ef4BgEhOnZdAu3UQHs%26dib_tag%3Dse%26keywords%3DSparx%2BSlippers%2BSF0204G%2BBlue%2BBlack-%2B10%2BUK%2B10UK%26nsdOptOutParam%3Dtrue%26qid%3D1745323703%26sr%3D8-1-spons%26sp_csd%3Dd2lkZ2V0TmFtZT1zcF9hdGY%26psc%3D1,N/A,389,N/A,N/A
66,C9UCCAA8GM,Crocs Mens Classic II Clogs White,Footwear,https://instamart-media-assets.swiggy.com/swiggy/image/upload/NI_CATALOG/IMAGES/CIW/2024/4/20/a2d4c8ad-1cc4-437f-a36d-6997a8db79d5_BeltsWalletsBagsinstamax_J10J76MM7R_MN.jpg,9UK,https://www.swiggy.com/stores/instamart/p/C9UCCAA8GM?custom_back=true,https://www.amazon.in/sspa/click?ie=UTF8&spc=MTo2NTAyNzMxMDc3MjQ2OTIyOjE3NDUzMjM3MDc6c3BfYXRmOjMwMDQyOTA3Njk1NTczMjo6MDo6&url=%2FYo-kai-Modern-Featherweight-Footwear-Numeric%2Fdp%2FB0D9CY5ZLN%2Fref%3Dsr_1_1_sspa%3Fdib%3DeyJ2IjoiMSJ9.K3XAjIVNoJlZmhol1qWXgQjs5M60dfjXw7Us7a16n_tLgKHKW19-IgT0PITw89wwUe_Ppdi-PL9UTiMGTl3AOIl6PB0tNWc55pHIaASruEKWIzVd4DEAv0fQ4vTqlfHOwePIOv3t7i4_H7503diKcgSPx7BKIw2fZlt4f6n2JX8S3Xv0ebaEcU13u4X9Jk8TvzDvm9D4i64bLqyENdIW9PT_ClvesdA4sfO4gIzbj6zDnA3luKKCrDzAYTj9KV8NLk_bgRzzhmBGPOUJIddgJc24KKxjLXUjHOTZRblT1UU.N8M8wxLVhJBSap_EHl35UZR4VDpVD0Yg9cVH8_ReR9Q%26dib_tag%3Dse%26keywords%3DCrocs%2BMens%2BClassic%2BII%2BClogs%2BWhite%2B9UK%26nsdOptOutParam%3Dtrue%26qid%3D1745323707%26sr%3D8-1-spons%26sp_csd%3Dd2lkZ2V0TmFtZT1zcF9hdGY%26psc%3D1,N/A,499,N/A,N/A
67,76MD8MCPNJ,Flite Slippers FL0366L Navy Pink- 8 UK,Footwear,https://instamart-media-assets.swiggy.com/swiggy/image/upload/NI_CATALOG/IMAGES/CIW/2024/12/18/e87737b9-4768-4660-bd23-5e18a50d5fa9_65013_1.png,6UK,https://www.swiggy.com/stores/instamart/p/76MD8MCPNJ?custom_back=true,https://www.amazon.in/FLITE-Womens-Navy-Slippers-8-FL0366L_NVPK0008/dp/B07YFW5WV7/ref=sr_1_1?dib=eyJ2IjoiMSJ9.OMugOV_h8uHrdz9UVQkBOgkvAdyNMYlCbS-DmFHOOSNvfudBNHttJZxy2hys2RdMd0SpRlR07w-SIBih4XVIppRKJG5EbOYwOnyGKwbSBdz3WB-sNeIfsYEK_Z9lL5vPYvZcNvP8RrtTAPJaR9jnIR1a1moY3fhhkczQSiKYGCywGn9q3F4USq2cJZiGHoHR69PbSa198eqc7zVTeW3td1HPG85UIL7tJbnIyajW2hd5XV50oZRGOqgUEsyK7wqPfKQt_NASltRfNQkhzWBi5DZfpAdtX5XgzH0R0Zbhpw8.R9TJBO_nX-FzvFEZv0Z5yWa5VJ2OmAawh3a6H426PJc&dib_tag=se&keywords=Flite+Slippers+FL0366L+Navy+Pink-+8+UK+6UK&nsdOptOutParam=true&qid=1745323709&sr=8-1,N/A,249,0366,l
68,4K3Y4NG664,Crocs Mens Classic Crocs Sandal Blue_UK9,Footwear,https://instamart-media-assets.swiggy.com/swiggy/image/upload/NI_CATALOG/IMAGES/CIW/2024/2/22/b4291c8c-1f70-4b6e-b402-58291cd74fd0_BeltsWalletsBagsinstamax_S71VOYH4KW_MN.jpg,1Piece,https://www.swiggy.com/stores/instamart/p/4K3Y4NG664?custom_back=true,https://www.amazon.in/sspa/click?ie=UTF8&spc=MTo0MzAxMTUxNzQ2NTk0MjcyOjE3NDUzMjM3MTM6c3BfYXRmOjMwMDQyOTA3Njk1NTczMjo6MDo6&url=%2FYo-kai-Modern-Featherweight-Footwear-Numeric%2Fdp%2FB0D9CY5ZLN%2Fref%3Dsr_1_1_sspa%3Fdib%3DeyJ2IjoiMSJ9.ogRIXilW3iO194w91qIBzsosLQKzXuhLk0x9GV3c69rYsu62nqjo4dZ97xdUsxmhf3UostVJK4-e53Ek0fiPhb3yysqRXjnW9PIVr9g1PXraYE7afjfs_bd5jC2U_e-Fp2hM_r2wBVlWjte34qkvQ3qG7bGNPzilWpRtAZBe5cemdpZ0gXu3Ygq1QSSNPe7qBYT_YH8UrD9SwVr-zymaVqigFt3sVWbdzLJY8QOY9MAuvtx_S_owPw7Szrnp7UJ1kLsxysGVDFKcnkM0v9_EOh4J2nZ6YqtEJmpaCMZXtrI.pBlrMAbvnp34nVKs4G5Vw324MQO6m0isIvjULwWsZ1c%26dib_tag%3Dse%26keywords%3DCrocs%2BMens%2BClassic%2BCrocs%2BSandal%2BBlue_UK9%2B1Piece%26nsdOptOutParam%3Dtrue%26qid%3D1745323712%26sr%3D8-1-spons%26sp_csd%3Dd2lkZ2V0TmFtZT1zcF9hdGY%26psc%3D1,N/A,499,N/A,N/A
69,YBUG71YOGL,"VI-JOHN Prakritik Bamboo Charcoal Foaming Face Wash, Removes Tan, 100% Natural Bio Actives",Bath Body and Hair,https://instamart-media-assets.swiggy.com/swiggy/image/upload/NI_CATALOG/IMAGES/CIW/2025/1/13/aa15ea5d-a28e-4a59-9795-88b4fd33897b_187261_1.png,150ml,https://www.swiggy.com/stores/instamart/p/YBUG71YOGL?custom_back=true,https://www.amazon.in/sspa/click?ie=UTF8&spc=MTo1MTAwMjQ3OTQyMDc5ODI6MTc0NTMyMzcxNjpzcF9hdGY6MzAwNTExNTQyODczMDMyOjowOjo&url=%2FHAIQA-Pimple-Whitening-Refining-Clear%2Fdp%2FB0DSJ1S27F%2Fref%3Dsr_1_1_sspa%3Fdib%3DeyJ2IjoiMSJ9.AUoiZguM73InWVpTNhWJcT6JgCwnc34t-SZ0Ym7EBROu377pL0svaWKi3AiQfyLUwP6wwARJFA5JkzA-5Otwn_ZZsPCdLtENxNlyr8Rpsb76OH9t_WLHdY-JTvlUjvRC2Fpow3n5sIqaC4ysQtS0ff3N1qBVlrYvlEJ2DDx-g0Q-HIX6tdqc1JnSSCFiwLbWtNRXyVIOXhKBH84J5F_T_fhxl58RBYRDHZhbIWiy-DZdLDRGl1K4hlay6qHHTLEfkTHpT-yZYEqrdit-ltsmZJQpjNbPxmPC-Fu2WJWRREI.QMqnFDVUbWAM9emQkd_-RRt7gU0aaYs_B30_KuPzdKU%26dib_tag%3Dse%26keywords%3DVI-JOHN%2BPrakritik%2BBamboo%2BCharcoal%2BFoaming%2BFace%2BWash%252C%2BRemoves%2BTan%252C%2B100%2525%2BNatural%2BBio%2BActives%2B150ml%26qid%3D1745323716%26sr%3D8-1-spons%26sp_csd%3Dd2lkZ2V0TmFtZT1zcF9hdGY%26psc%3D1,N/A,425.,100,ml
70,7KZ8I2JJ48,Just Lil Things-multi-color-pin-earrings-jlt11040,Jewelry and Hair Accessories,0,25g,https://www.swiggy.com/stores/instamart/p/7KZ8I2JJ48?custom_back=true,https://www.amazon.in/sspa/click?ie=UTF8&spc=MTo1NTU2MDM0NjUzMjE2MzEyOjE3NDUzMjM3MjA6c3BfYXRmOjMwMDUzNDM3MTU4NDIzMjo6MDo6&url=%2FPlated-Earrings-Dangle-Fashion-Jewellery%2Fdp%2FB0F2F6QX8X%2Fref%3Dsr_1_1_sspa%3Fkeywords%3DJust%2BLil%2BThings-multi-color-pin-earrings-jlt11040%2B25g%26qid%3D1745323720%26sr%3D8-1-spons%26sp_csd%3Dd2lkZ2V0TmFtZT1zcF9hdGY%26psc%3D1,N/A,999,N/A,N/A
71,VQGT5V3GW8,Just Lil Things Artificial Earrings jlt12429,Jewelry and Hair Accessories,https://instamart-media-assets.swiggy.com/swiggy/image/upload/NI_CATALOG/IMAGES/CIW/2024/12/21/f5583bcf-b2ca-4cc2-9c46-c0227865d9c5_649347_1.png,25g,https://www.swiggy.com/stores/instamart/p/VQGT5V3GW8?custom_back=true,https://www.amazon.in/sspa/click?ie=UTF8&spc=MToyMDY0OTA1MzU5MDg2MzYwOjE3NDUzMjM3MjM6c3BfYXRmOjMwMDQ4MTQzMTg3NDczMjo6MDo6&url=%2FZISTHI-Sterling-Silver-Traditional-Earrings%2Fdp%2FB0DRNYB8N4%2Fref%3Dsr_1_1_sspa%3Fdib%3DeyJ2IjoiMSJ9.wotvlXrpySF6pA2WniNRM5MGgT9Ea8cqyq70d6FQLDI2HtJzX0CXhq4EIHdfvRIUpihY7jhoy317hTTUeUnTj4Y8zfGLjUWdaeeyAMdwNiDtLZ9ANNJfNJ2k6kvrWsju6UTm_07tJEDTr2W9h6GXL3bu3dptmSIjbM8-Mo5e6HvLNbUhfkAqxQxEn22HtJMHgpEfGo5G-pWlo2fSd--szAWdhwYJZBS_8fFsxm3hpCbCsOecmkVlX2hRpqN_T02qLuhVOAwsMn8g_n_eWmDsmsFR5DQkY-wcWej27iFq9_E.l-NMPHMb-UxQBcHeq-H9QAlI_ZCu2ZivNyKYscSuMA8%26dib_tag%3Dse%26keywords%3DJust%2BLil%2BThings%2BArtificial%2BEarrings%2Bjlt12429%2B25g%26qid%3D1745323723%26sr%3D8-1-spons%26sp_csd%3Dd2lkZ2V0TmFtZT1zcF9hdGY%26psc%3D1%26smid%3DAL9Y47R9B2EX4,N/A,1499,3.52,g
72,VJDSRAIAB7,Gangwal Rajwadi Bajra Atta,"Atta, Rice and Dals",https://instamart-media-assets.swiggy.com/swiggy/image/upload/NI_CATALOG/IMAGES/CIW/2024/12/26/9be18d1f-57a6-40f1-9355-55eb7b8c91a3_201452_1.png,1kg,https://www.swiggy.com/stores/instamart/p/VJDSRAIAB7?custom_back=true,https://www.amazon.in/sspa/click?ie=UTF8&spc=MTo1Mzg0MjQ1NDA2NDkxMTUzOjE3NDUzMjM3Mjg6c3BfYXRmOjMwMDUyNDk5Nzk1MDEzMjo6MDo6&url=%2FDhatri-Agro-Stoneground-Diabetic-Pesticide%2Fdp%2FB0DJQY2XLH%2Fref%3Dsr_1_1_sspa%3Fdib%3DeyJ2IjoiMSJ9.Bo82QewYZp0VvO7ZMVQnwE6Qh26isB_hNwFcmFD9fxkHJe5JBR8KnCHIEYxkOfeN76GK9JKhWLL8CXA9gHp_DXxgcDgAK-r3x5q1F5_6Kvk2kvMNQ5DE42hXjlBsGzzvnQ_Ri4ki9WLz_u19nj3daMdklnXrrjsglnNV-klp_6qXm-99hb1NmJ7h0E7ic7_jlTWGD9tObl09FyXw-znanb0VRe2RkAnEvvU05WP8njgslS-VWDPgWrSv4NIOGuLx13PyIZFp1L1tjWWcaTgReDIrWz5d1w2GckWKugvWhmA.W1yT4T7opUTGs1cPNkX4AdMdu1k04BmWbEreCzb3WGE%26dib_tag%3Dse%26keywords%3DGangwal%2BRajwadi%2BBajra%2BAtta%2B1kg%26qid%3D1745323727%26sr%3D8-1-spons%26sp_csd%3Dd2lkZ2V0TmFtZT1zcF9hdGY%26psc%3D1,N/A,799.,1,kg
73,2CSOGBG367,Delight foods Bhakhri Onebite Masala,Munchies And Snacks,https://instamart-media-assets.swiggy.com/swiggy/image/upload/NI_CATALOG/IMAGES/CIW/2025/1/22/dac4d5f9-1491-4341-b896-f67e55a0caf4_516443_1.png,200g,https://www.swiggy.com/stores/instamart/p/2CSOGBG367?custom_back=true,https://www.amazon.in/sspa/click?ie=UTF8&spc=MToxNzE4Mjk3MzQ4NjU0MDQ1OjE3NDUzMjM3MzI6c3BfYXRmOjMwMDI0NDg4MjQyNTMzMjo6MDo6&url=%2FVyndo-Jeera-Bhakhri-Healthy-Fasting%2Fdp%2FB0CMM4W8GG%2Fref%3Dsr_1_1_sspa%3Fdib%3DeyJ2IjoiMSJ9.dxOeSAyv9uJXga_0X0EWq3xofW8OvDdte07rZTj7jyW-l9cOa0_qeouHi0i9nBpe_8a0xQdgsaDIfNqmxm8oEDp2TeVQdZCvgDwF8rPMVts7B_JgP4dBP6nIAibv4-nQBbYpKpaoQFw9T0nZ9xYXrKtbR-4Ce9A2Fwl3hqqPoFAfwTiC4eJm35-jUSf73JCgfqAPqWRT8gvuTNtAaQGIuIGxTvzMyy_SI3l02qMSFFaVOzOdLOBSu1z-_3C1caQ-Vnbl_WSVezJ69RimTtZMhd0JtfY0A_Pzn8x9AAz1AjU.fvHrfPaGwrh4NOECMjHR3FVwptr7AObJm275dafShlE%26dib_tag%3Dse%26keywords%3DDelight%2Bfoods%2BBhakhri%2BOnebite%2BMasala%2B200g%26qid%3D1745323732%26sr%3D8-1-spons%26sp_csd%3Dd2lkZ2V0TmFtZT1zcF9hdGY%26psc%3D1,N/A,396.,180,g
74,6Z15AXQ04F,Delight foods Marwari Khokha Bhujia - Pure Groundnut Oil,Munchies And Snacks,https://instamart-media-assets.swiggy.com/swiggy/image/upload/NI_CATALOG/IMAGES/CIW/2024/12/27/ba2fae42-4f90-498b-9856-5be6cfe5f0dc_134494_1.png,300g,https://www.swiggy.com/stores/instamart/p/6Z15AXQ04F?custom_back=true,https://www.amazon.in/sspa/click?ie=UTF8&spc=MToyNTYzMjQ5Mzg3MDU4MTY3OjE3NDUzMjM3MzY6c3BfYXRmOjMwMDE1NzU3OTMyNzQzMjo6MDo6&url=%2FShekhaji-Assorted-Namkeen-Chaatmasala-Mathari%2Fdp%2FB0BP7Q29G7%2Fref%3Dsr_1_1_sspa%3Fdib%3DeyJ2IjoiMSJ9.DkBlNzpVRoQQXUPJRNXyc7jn0ke6f4bh2wijqYHMRCBC-FUHcLRQY_0-butBIY25Cx_-yllS3Gu_EiUGgaryEXXdFOU9i859VNERMcFzAM9EgjjQ2x-ZE0MoYeimVjyUZ6z_siR90KIgpKEc5yh7WpOH4IwgKbXdldGJxFzTE6aeZTNp-2JuPsYcwsrMbrStAoiXRTWTcBWE5xWTv9TVc_arWGJ6rY9Iaz0bt3fAl_8.0mW1cGZ9-Jfv6kJK-1KOK8oXwL3BGFWIZHbE-sloNKA%26dib_tag%3Dse%26keywords%3DDelight%2Bfoods%2BMarwari%2BKhokha%2BBhujia%2B-%2BPure%2BGroundnut%2BOil%2B300g%26qid%3D1745323736%26sr%3D8-1-spons%26sp_csd%3Dd2lkZ2V0TmFtZT1zcF9hdGY%26psc%3D1,N/A,486.,800,g
75,KPKBXK2ATJ,Delight foods Bhakhri Onebite Jeera,Munchies And Snacks,https://instamart-media-assets.swiggy.com/swiggy/image/upload/NI_CATALOG/IMAGES/CIW/2025/1/22/e821b415-9b0b-4880-99f4-a6973e17f81d_624993_1.png,200g,https://www.swiggy.com/stores/instamart/p/KPKBXK2ATJ?custom_back=true,-,-,-,-,-
76,4BJW73MT44,Crocs Womens Splash Glitter Flip Flop Black,Footwear,https://instamart-media-assets.swiggy.com/swiggy/image/upload/NI_CATALOG/IMAGES/CIW/2024/2/28/a1d739fd-9152-488d-afa2-89c6f4e520c2_BeltsWalletsBagsinstamax_39PBVHMLXI_MN.PNG,8UK,https://www.swiggy.com/stores/instamart/p/4BJW73MT44?custom_back=true,-,-,-,-,-
77,RO9T870SGU,Crocs Mens Classic II Clogs Black_UK8,Footwear,https://instamart-media-assets.swiggy.com/swiggy/image/upload/NI_CATALOG/IMAGES/CIW/2024/2/22/76505636-7805-4bb8-bfd5-58b9404ffe31_BeltsWalletsBagsinstamax_WVTXK7RNHK_MN.jpg,8UK,https://www.swiggy.com/stores/instamart/p/RO9T870SGU?custom_back=true,-,-,-,-,-
78,D86VS0I17Z,Crocs Men Classic All-Terrain Flip Flop Yellow,Footwear,https://instamart-media-assets.swiggy.com/swiggy/image/upload/aa2c705ee0a42434404c18dbb1793941,4UK,https://www.swiggy.com/stores/instamart/p/D86VS0I17Z?custom_back=true,-,-,-,-,-
79,TJASBDXV9U,VI-JOHN Purifying Charcoal Premium Shaving Cream Enriched With Aloevera & Jojoba Oil and Shaving Brush From Paraben,Beauty and Grooming,https://instamart-media-assets.swiggy.com/swiggy/image/upload/NI_CATALOG/IMAGES/CIW/2025/2/24/f0460cb6-4281-44c0-9284-11183716a764_694373_1.png,70ml,https://www.swiggy.com/stores/instamart/p/TJASBDXV9U?custom_back=true,-,-,-,-,-
80,7LV8L37SR9,"Cello Amitabh Bachchan Opalware Solitaire Series Blu Dinner Set, 33 Units | Opal Glass Dinner Set for 6 | Crockery Set for Festive Ocassions, Parties | White Plate and Bowl Set",Kitchen and Dining,https://instamart-media-assets.swiggy.com/swiggy/image/upload/NI_CATALOG/IMAGES/CIW/2025/1/11/d2aa4e3e-9dd6-4702-8a61-fba45d391a0e_34177_1.png,1pack,https://www.swiggy.com/stores/instamart/p/7LV8L37SR9?custom_back=true,https://www.amazon.in/sspa/click?ie=UTF8&spc=MTo3MzI4NTQ2MjE5Mzg2NjQ2OjE3NDUzMjQyNzQ6c3BfYXRmOjMwMDUwMzk1NTc3MTYzMjo6MDo6&url=%2FShay-Ceramic-White-Crockery-Japandi%2Fdp%2FB0D8LBTF9L%2Fref%3Dsr_1_1_sspa%3Fdib%3DeyJ2IjoiMSJ9.p6WT5nA4RjHXTaVt-FN1m5FB2I0ertnvC79TpM4iF4bwZwTDRQ-3LuxCELN8lemyRLrlesPyCwPo9c8ftdylht8vjFEi9PGJUg96HGVdqFQ_Uq53Hwpigw6q_yKAdcYENqNaFWIgsmjJ8NqkVO-WsqMfcV38w0CaDk9nSH5R7wb_iHwOPGSu9xjvcioVEXeQsM14tnBX9daqMPQ9y8r-pb3HWD5fOood21UG4-blY80T6Kir8xXZNcKiIRtzPQIPrfp1J2zRJwupes0-Fl4gOyVldo2GSNZzOuk07Zy_mEY.Hl79ZMBA08MSPIzp2kDCGpWreS_RFdRLw3MEsUPPTZc%26dib_tag%3Dse%26keywords%3DCello%2BAmitabh%2BBachchan%2BOpalware%2BSolitaire%2BSeries%2BBlu%2BDinner%2BSet%252C%2B33%2BUnits%2B%257C%2BOpal%2BGlass%2BDinner%2BSet%2Bfor%2B6%2B%257C%2BCrockery%2BSet%2Bfor%2BFestive%2BOcassions%252C%2BParties%2B%257C%2BWhite%2BPlate%2Band%2BBowl%2BSet%2B1pack%26qid%3D1745324274%26sr%3D8-1-spons%26sp_csd%3Dd2lkZ2V0TmFtZT1zcF9hdGY%26psc%3D1,7999.00,4999.,12,pcs
81,GDD6UKDOUH,playR Training T-Shirt Red - L,Home and Kitchen Needs,https://instamart-media-assets.swiggy.com/swiggy/image/upload/086bca61fc57b934ecba88b41c8c9312,1Piece,https://www.swiggy.com/stores/instamart/p/GDD6UKDOUH?custom_back=true,https://www.amazon.in/sspa/click?ie=UTF8&spc=MToyNjE3Nzg3MTcwMTg0NzM4OjE3NDUzMjQyNzY6c3BfYXRmOjMwMDQ5ODg2NjYwMjgzMjo6MDo6&url=%2FJiSu-2Men-Oversize-Softness-Everyday%2Fdp%2FB0DT79K1V8%2Fref%3Dsr_1_1_sspa%3Fdib%3DeyJ2IjoiMSJ9._vxDA1998lmO7e5rUhPDt_rFeqpTyNbt-qu9rNt4mcOaBVZg4Vp3iL8CCK3dTONNCcMy3acJUkvVspdJMFeYSIgeRadXvbm-6mfjEgSCzIwrWav4mThAo43zxgJXjnTkgx2KRTrNCOF8hQWQqdgCB1B5dqnFJ1rMm6qghbfq1OH8c29ZxlZ-7toEpsXvJ4yIPwnGMDutbDYCnjlPdBSyqRixmfoAMu8A5kvo1b5XFfPgEjSiEcC565wdkNqhyOfbe78m5zMoq1WuLh3zhFwhBI-ZtSopidIj5aYi5BTaEaA.3i3nxl4zAQ5vjWvmbVmdffjJNwTQQos6-WBnHAzZAek%26dib_tag%3Dse%26keywords%3DplayR%2BTraining%2BT-Shirt%2BRed%2B-%2BL%2B1Piece%26qid%3D1745324275%26sr%3D8-1-spons%26sp_csd%3Dd2lkZ2V0TmFtZT1zcF9hdGY%26psc%3D1,N/A,499,N/A,N/A
82,PKXXR6621C,Sosyo mix fruit flavoured drink_1.5l,Cold Drinks and Juices,0,1.5L,https://www.swiggy.com/stores/instamart/p/PKXXR6621C?custom_back=true,https://www.amazon.in/sspa/click?ie=UTF8&spc=MTo1NTYxOTA3OTUwNDQ5MjQ0OjE3NDUzMjQyODA6c3BfYXRmOjMwMDUyNDUyMjcxMzYzMjo6MDo6&url=%2FBerry-Superfood-Multi-Vitamin-Enriched-Beverage%2Fdp%2FB0F37BPXPV%2Fref%3Dsr_1_1_sspa%3Fdib%3DeyJ2IjoiMSJ9.LFXpM1aE4QzrjjJSgXQKz7QM_xgnaj21FPFSTGk1S5p79f7NcqZJDURHT5Bjc3bAROCqYLXE9_kIu86_P2WBU0jZkmUJX36vXkmXX_YSdLlYf6RVLPLOswQpTsXoToPAasAP6WE0FwsjxS_-RqAzYw.C5Mcv3MwIecsxSWwE5B7adZMXjvDWPSbAdP8YntfEK0%26dib_tag%3Dse%26keywords%3DSosyo%2Bmix%2Bfruit%2Bflavoured%2Bdrink_1.5l%2B1.5L%26qid%3D1745324279%26sr%3D8-1-spons%26sp_csd%3Dd2lkZ2V0TmFtZT1zcF9hdGY%26psc%3D1,N/A,449.,N/A,N/A
83,LXNQKJ6M40,Sparx Slippers SF0204G Grey Black- 6 UK,Footwear,https://instamart-media-assets.swiggy.com/swiggy/image/upload/NI_CATALOG/IMAGES/CIW/2024/12/18/2dc45248-9540-485c-8a64-74d6c32cc19a_56552_1.png,6UK,https://www.swiggy.com/stores/instamart/p/LXNQKJ6M40?custom_back=true,https://www.amazon.in/sspa/click?ie=UTF8&spc=MTo4MzcwMzc4NzQ3NTQzMzE4OjE3NDUzMjQyODQ6c3BfYXRmOjMwMDUyMzc5MTExNTkzMjo6MDo6&url=%2FGranulon-High-Arch-Support-Slider%2Fdp%2FB0DZ2MDGYM%2Fref%3Dsr_1_1_sspa%3Fdib%3DeyJ2IjoiMSJ9.zvkbKUC3Nkh-i06xCsPxJ5mTDuIbbY1kqjsSHkDM8OKqxG2xG4IYYfA9EK7cFg8_F9f_rTuWbUJ4ly3PTExXOHFoe2BLyr7JWASZJ78KGTMKewRxXSchNke1sxA2LNaATcSYDwPgfebWN5vRxivAtGOgj42n6bRMkafRbF4Z5orCEWT2BFxRGr78YfuKh-MILdd1ETG6Hq0uzxjwW4DA52pwL1cQuEKQKcYYuRAY-I6887_jSiw5AnEps3286O2UR1focz0In0yGow5g0Y1co7hSbMVjKJT71p-Gt73ODrw.uUgErw5WgVxwr_6nVpkFFhsmApDPdf_byJa3_AAfPyM%26dib_tag%3Dse%26keywords%3DSparx%2BSlippers%2BSF0204G%2BGrey%2BBlack-%2B6%2BUK%2B6UK%26nsdOptOutParam%3Dtrue%26qid%3D1745324283%26sr%3D8-1-spons%26sp_csd%3Dd2lkZ2V0TmFtZT1zcF9hdGY%26psc%3D1,N/A,1299,N/A,N/A
84,WKXULCSS37,ORGANIC INDIA Ashwagandha 60 Cap,Nutraceuticals,https://instamart-media-assets.swiggy.com/swiggy/image/upload/NI_CATALOG/IMAGES/CIW/2025/1/12/96360968-262f-4fc2-86ca-5216806fb1ff_75628_1.png,200g,https://www.swiggy.com/stores/instamart/p/WKXULCSS37?custom_back=true,https://www.amazon.in/sspa/click?ie=UTF8&spc=MToxNDc3MTI2MDk4MTY5ODE4OjE3NDUzMjQyODg6c3BfYXRmOjMwMDUxODI2MDU2NDAzMjo6MDo6&url=%2FNutri-Ninja-Ashwagandha-Adaptogenic-Management%2Fdp%2FB0DZH2P7JS%2Fref%3Dsr_1_1_sspa%3Fdib%3DeyJ2IjoiMSJ9.ul9ePoaxieWs0HjK1cebfV67IXYp9R29kG0ij3S7M8PgU6dV2WHLA1521Sccjj_C-6iEhOMP0-Emkx9Z5frOkGR01zrbWBUGnUVZhkcClEb255p2gMTSHsQfRyMbgZfHQh9jvAzCkuYY3yPY9oRzVCH0xd_eSdNM6DK9naPqPTonUJ3lOwmjplQng0yohkFMhlnck1akDmrnpAnzn6w512mED4VsUmqdVaVjamx070rW2GVCDpK1YIps_FDpW1aJ06_vPMkSogTgVBPJaRVxmQh4_iMXa4rU9xvfC7xKK1Y.J8NhOXnzRsPaBNd-2KWrMySknE0ue6yikPvV7l5oYU0%26dib_tag%3Dse%26keywords%3DORGANIC%2BINDIA%2BAshwagandha%2B60%2BCap%2B200g%26qid%3D1745324288%26sr%3D8-1-spons%26sp_csd%3Dd2lkZ2V0TmFtZT1zcF9hdGY%26psc%3D1,N/A,445.,200,g
85,06CQDYPDIM,Oye Happy Coal,Holi,https://instamart-media-assets.swiggy.com/swiggy/image/upload/NI_CATALOG/IMAGES/CIW/2024/10/3/dbfb9c53-75f7-47a6-8e00-905f6fcdff6f_340132_1.png,1Piece,https://www.swiggy.com/stores/instamart/p/06CQDYPDIM?custom_back=true,https://www.amazon.in/sspa/click?ie=UTF8&spc=MTo2MDI4Mjc2MDg3Njg0NDkwOjE3NDUzMjQyOTE6c3BfYXRmOjMwMDUyNDI1MTE5MzUzMjo6MDo6&url=%2FOyeHappy-Anniversary-Glitter-Romantic-Sparkly%2Fdp%2FB0F253ZHNV%2Fref%3Dsr_1_1_sspa%3Fdib%3DeyJ2IjoiMSJ9.Vop4v9yO73Ayd__R1SfYY21KQv-2p_HSX9t33Nx5kV2u_vTatMlpHfa2fnN89-p6q9186OUXCtouwX7mftOaQnBdqrUEUje7uwcYv5Z0zxfQfc1vWhGrRuMo10MlB_9nbFYStZPuPXSxehybzdmRxqrBLEZGVoVks2tguSfeS2PBbh6hHdrtpV25usmn_ejNCRoel48Q-PN9cEfM7RHJFe_Bq0qZHQfYTDVrLzRK_Q6eZepSMtl7xSX7UkdX9ijbTWIFXmy2ZClIiPH9zifED83p9vXDkMIotXeFQK_avDc.uBjJk1vSXd8axnNT3abSVfERuqyBgFWE3oQ8b6vA6C4%26dib_tag%3Dse%26keywords%3DOye%2BHappy%2BCoal%2B1Piece%26qid%3D1745324290%26sr%3D8-1-spons%26sp_csd%3Dd2lkZ2V0TmFtZT1zcF9hdGY%26psc%3D1,N/A,1990.,N/A,N/A
86,JBWDRK6AWX,Oye Happy Multicolor bangles Size 2.6,Beauty and Grooming,https://instamart-media-assets.swiggy.com/swiggy/image/upload/NI_CATALOG/IMAGES/CIW/2024/9/25/df8a2cce-c9a8-465a-b5d3-7a203383f8d5_237266_1.png,1Piece,https://www.swiggy.com/stores/instamart/p/JBWDRK6AWX?custom_back=true,https://www.amazon.in/sspa/click?ie=UTF8&spc=MTo0MzIzMjM3MDU0MjM1MDk4OjE3NDUzMjQyOTM6c3BfYXRmOjMwMDUzODM5MjgyODEzMjo6MDo6&url=%2Fwynameleri-Bracelet-Fashion-Accessories-Present%2Fdp%2FB0DWLBN6ZH%2Fref%3Dsr_1_1_sspa%3Fdib%3DeyJ2IjoiMSJ9.z5HS9wzcSjgyyHt9WH8DU9ezC6rLqszMR2yN8bF7M56MI5oxh9iMobm-ug-6zl6wMjcwiwS39VBIIeYWnFhoDuMCA9L2yleTUSUt9MgIL222MHAelqlsE2g7rVhAA6kLnzyycuYzHW7Z-a_FAVlv9chHoibb59Mxhc_U1SurPyy9qaCP9srAm9oqNUIqLsbuXT7vqxXYhgMyxeDq4KfS1dX-X_SLnhP94hXwc4cF-Y4iDjTrrNS81WCL9z3Bzn_lxwHHqyJKKsnbz-GUW74tuQ8mH9hMNHMt6hfTmOKMUYo.2ZrBM1UX-Or8sFcKqQRQHh1nx8eJJ5Fpjz2idlt0hFE%26dib_tag%3Dse%26keywords%3DOye%2BHappy%2BMulticolor%2Bbangles%2BSize%2B2.6%2B1Piece%26nsdOptOutParam%3Dtrue%26qid%3D1745324293%26sr%3D8-1-spons%26sp_csd%3Dd2lkZ2V0TmFtZT1zcF9hdGY%26psc%3D1,N/A,1280,N/A,N/A
87,WT3XWJ9B3J,Sunfeast Fantastik Signature Truffles,Chocolates,https://instamart-media-assets.swiggy.com/swiggy/image/upload/NI_CATALOG/IMAGES/CIW/2024/10/3/adf19333-2de8-42af-9540-c97da0954a24_616297_1.png,134.4g,https://www.swiggy.com/stores/instamart/p/WT3XWJ9B3J?custom_back=true,https://www.amazon.in/sspa/click?ie=UTF8&spc=MTo1NTEzMjg2MjU5NTUwMjMyOjE3NDUzMjQyOTU6c3BfYXRmOjMwMDUyODExMjAwNzIzMjo6MDo6&url=%2FMidiron-Handmade-Chocolate-Grandmother-Anniversarys%2Fdp%2FB0D1VHCH3W%2Fref%3Dsr_1_1_sspa%3Fdib%3DeyJ2IjoiMSJ9.za8Z9CixJ3TFkPCP5igQGFAZx3xgi5_F_4OBmcl3jzdVsiTpVOU8qIZeyn-RHTkDdOhQ7JJd8V-eG29E-4OybrWNvUn-lnG1AammgeEj6Fc45SO15_ztktlbIurFhIZaalUOLv_zosaT1WF4f2kOfQsdX7dOADNRAJUkZSaYKnvgXv57EHdlAZZigtUSygIMfc-RvqCIdJ-wB6dp2omHzGyS9N0ES04P6XzxQO_WdVnnm-EA14Gc1YPHS0a1M2ahTyf4s3ZVY34k6WrVob8feIKVPGdbXImaEjN11YLiOyU.G2fTvHg_LsRUfC2ppUqn5Inli1A9VTBq3i_5ONYBcBY%26dib_tag%3Dse%26keywords%3DSunfeast%2BFantastik%2BSignature%2BTruffles%2B134.4g%26qid%3D1745324295%26sr%3D8-1-spons%26sp_csd%3Dd2lkZ2V0TmFtZT1zcF9hdGY%26psc%3D1,N/A,549.,300,g
88,4VOTYWINGF,Just Lil Things-blue-hoop-earrings-jlt11369,Jewelry and Hair Accessories,https://instamart-media-assets.swiggy.com/swiggy/image/upload/NI_CATALOG/IMAGES/CIW/2024/12/21/aacc9b3a-9774-47ae-8762-4ba441b61d8e_454335_1.png,25g,https://www.swiggy.com/stores/instamart/p/4VOTYWINGF?custom_back=true,https://www.amazon.in/sspa/click?ie=UTF8&spc=MTo0MDYzMzAzNjkwMjk2ODUzOjE3NDUzMjQzMDA6c3BfYXRmOjMwMDQ4MTQzMTg3NDczMjo6MDo6&url=%2FZISTHI-Sterling-Silver-Traditional-Earrings%2Fdp%2FB0DRNYB8N4%2Fref%3Dsr_1_1_sspa%3Fkeywords%3DJust%2BLil%2BThings-blue-hoop-earrings-jlt11369%2B25g%26qid%3D1745324300%26sr%3D8-1-spons%26sp_csd%3Dd2lkZ2V0TmFtZT1zcF9hdGY%26psc%3D1%26smid%3DAL9Y47R9B2EX4,N/A,1499,3.52,g
89,831J1J0EBD,Crocs Unisex All Terrain Flip Navy,Footwear,https://instamart-media-assets.swiggy.com/swiggy/image/upload/c1e7497e1dcbb1e58a5b07d42e355e37,5UK,https://www.swiggy.com/stores/instamart/p/831J1J0EBD?custom_back=true,https://www.amazon.in/sspa/click?ie=UTF8&spc=MTo2MDExMTA2NzAzNTY4NDAwOjE3NDUzMjQzMDI6c3BfYXRmOjMwMDQyOTA3Njk2MTgzMjo6MDo6&url=%2FYo-kai-Relaxed-Footwear-System-Numeric%2Fdp%2FB0DNZ2XTW2%2Fref%3Dsr_1_1_sspa%3Fdib%3DeyJ2IjoiMSJ9.TiuVB4toDyya09cm1dzQY7J-itsMh7tXkZL3GS74w40LSPR5GD65NkE16gP6xmcxL3hAIF_jlcW4XwfTczwI7U3WTCddETRIyA5UstDjSm9Z_ZmNraSO8B_i5FnNFyrPfg3PmY5ayMGAtED02g4TC1m-Wz-yZYbhEY4N1_Ck4EdMJiy26nvay3KqZqVBsggY0LdcelqEMLhzjx-RlqwHW6ndnJgKSeTlifrxvMLrN65-sTHMFCRchpZNYXivXF8nB-DQYEBF3ssdpr-QTPwPfCB7DNYcJzlneaZcOji8NeY.0glQWGpbBYjzRRbAQThmSsSzQSEkVhPWXpObCzHorWc%26dib_tag%3Dse%26keywords%3DCrocs%2BUnisex%2BAll%2BTerrain%2BFlip%2BNavy%2B5UK%26nsdOptOutParam%3Dtrue%26qid%3D1745324302%26sr%3D8-1-spons%26sp_csd%3Dd2lkZ2V0TmFtZT1zcF9hdGY%26psc%3D1%26smid%3DA2WK3FD3AGEBYA,N/A,499,N/A,N/A
90,58FAQCG2NR,Crocs Mens Classic II Clogs White,Footwear,https://instamart-media-assets.swiggy.com/swiggy/image/upload/NI_CATALOG/IMAGES/CIW/2024/4/20/a2d4c8ad-1cc4-437f-a36d-6997a8db79d5_BeltsWalletsBagsinstamax_J10J76MM7R_MN.jpg,1Piece,https://www.swiggy.com/stores/instamart/p/58FAQCG2NR?custom_back=true,https://www.amazon.in/sspa/click?ie=UTF8&spc=MTo1ODUyNjE1MjczNTkzNDgzOjE3NDUzMjQzMDY6c3BfYXRmOjMwMDQyOTA3Njk2MTgzMjo6MDo6&url=%2FYo-kai-Relaxed-Footwear-System-Numeric%2Fdp%2FB0DNZ2XTW2%2Fref%3Dsr_1_1_sspa%3Fdib%3DeyJ2IjoiMSJ9.2QxJjravEvuAbs5tWclV52zRM3cRJ49JXcL6KCDPYHMvCnSnZwMPJs4aptCns-jXy2_O9cwjWI9n98MbVqlt8cMtZML1SiT9ErDrDZOPcIju3PZo6kVeepHxe78fsLmYhmCZO-CjT6Xybnv01DFAf9a_GWfVu_JAknIUaoCFwZicS1CsB9jTrvAcvck_qrLz80XrTlNaGhHjnHy0Gu1CpovF4FYyQHjkFdLAxHiDTtLVKMFe4kZNfkXn0FvXMDVHqq3DGcbxCXIh2N0FV_AVoc24KKxjLXUjHOTZRblT1UU.FlirUX5Z8euiZwPTHcZO4B0BCqJLeY_MEGWG2j-0d9c%26dib_tag%3Dse%26keywords%3DCrocs%2BMens%2BClassic%2BII%2BClogs%2BWhite%2B1Piece%26nsdOptOutParam%3Dtrue%26qid%3D1745324306%26sr%3D8-1-spons%26sp_csd%3Dd2lkZ2V0TmFtZT1zcF9hdGY%26psc%3D1%26smid%3DA2WK3FD3AGEBYA,N/A,499,N/A,N/A
91,TG5IQOP8Q9,Crocs Mens Classic II Clogs White_UK7,Footwear,https://instamart-media-assets.swiggy.com/swiggy/image/upload/NI_CATALOG/IMAGES/CIW/2024/3/7/789d7165-d316-4ea0-b580-b6c3e77466aa_BeltsWalletsBagsinstamax_K8VL6BWBMF_AL1.png,7UK,https://www.swiggy.com/stores/instamart/p/TG5IQOP8Q9?custom_back=true,https://www.amazon.in/sspa/click?ie=UTF8&spc=MTo1MTMzNzk0NDU2NzI3MTA2OjE3NDUzMjQzMDk6c3BfYXRmOjMwMDQyOTA3Njk2MTgzMjo6MDo6&url=%2FYo-kai-Relaxed-Footwear-System-Numeric%2Fdp%2FB0DNZ2XTW2%2Fref%3Dsr_1_1_sspa%3Fdib%3DeyJ2IjoiMSJ9.vDZVBTgXDt8XiMGEhi_ayKK0EeX5v_2O_hDhyBkvcgm4gn89m8th-oRr3hOV0RwDMWHGqepUJPZcqlHULcAfbj-lEWF1vNhrKBxFkKwJzUsrwsmcuVVouB_DZPx2PV5esFmhbX1QieJmX4yikgxYHJOfAjh5n6wLIWFrJz9ohKaW4WexBqyMmkMTN8T4-lMCcxG2SwnaC9KcGONgSJMA-LjSl9Z3OrOVvMhTYpqyL7W_Jz0uSbVKXuIGsOFDsjX6WCDSY6dMuIe1Ek8uv1IyKM24KKxjLXUjHOTZRblT1UU.-pYae_jVSLX1TOPEDuqGsESKNAgsfhCU1URAvsXmGYQ%26dib_tag%3Dse%26keywords%3DCrocs%2BMens%2BClassic%2BII%2BClogs%2BWhite_UK7%2B7UK%26nsdOptOutParam%3Dtrue%26qid%3D1745324309%26sr%3D8-1-spons%26sp_csd%3Dd2lkZ2V0TmFtZT1zcF9hdGY%26psc%3D1%26smid%3DA2WK3FD3AGEBYA,N/A,499,N/A,N/A
92,X3JAVGEJBW,Flite Slippers FL0366L Navy Pink- 4 UK,Footwear,https://instamart-media-assets.swiggy.com/swiggy/image/upload/NI_CATALOG/IMAGES/CIW/2024/12/18/b63c05a8-6372-4e85-a15a-23dd5e178941_59000_1.png,4UK,https://www.swiggy.com/stores/instamart/p/X3JAVGEJBW?custom_back=true,https://www.amazon.in/sspa/click?ie=UTF8&spc=MToyMDI5MzMxNzY2NDI5MjQxOjE3NDUzMjQzMTM6c3BfYXRmOjMwMDM5NjAzMTk5MjYzMjo6MDo6&url=%2FTREATTOES-Orthopedic-Slippers-Acupressure-Flip-Flops%2Fdp%2FB0D7CFZ7BH%2Fref%3Dsr_1_1_sspa%3Fdib%3DeyJ2IjoiMSJ9.8cPJbn9KPI4Vv6oxFw0i51Ue5nOSBj-MJ94WQ7rNQC78PmVPilt0FKUZy8dWNydbPNnra1B004u9Jiu5gQuMbk-OalUQB390diEz_RtExNP-8Bqw9CSArbkZm_SxGda-XJeTJWsQ9nC1bOhkYpfW9chCr9YTxXmBXdvri3oQXKfGhZ4MMRCtdN9ZaFOExL5qy8J001SozmdfCli13HCAbJYunU_84E6FCt6LRXlEZtaT0RYyt58x2G9gb1HRGWDu4HkgrIpZFnSMdfJiXIkZlVY282Rj9kL0iNhxDvKSfBg.FX3LN-90gxiSl8hnLTxUPf1raiaRMn0rvbu8dzpwvn0%26dib_tag%3Dse%26keywords%3DFlite%2BSlippers%2BFL0366L%2BNavy%2BPink-%2B4%2BUK%2B4UK%26nsdOptOutParam%3Dtrue%26qid%3D1745324313%26sr%3D8-1-spons%26sp_csd%3Dd2lkZ2V0TmFtZT1zcF9hdGY%26psc%3D1,N/A,298,N/A,N/A
93,BE0G51KVT6,Crocs Womens Crocs Splash Flip Flop Black,Footwear,https://instamart-media-assets.swiggy.com/swiggy/image/upload/NI_CATALOG/IMAGES/CIW/2024/2/22/b63daec1-9fb9-4b1f-acd9-8fa50958ecf8_BeltsWalletsBagsinstamax_7ASKZIRD9X_MN.png,4UK,https://www.swiggy.com/stores/instamart/p/BE0G51KVT6?custom_back=true,https://www.amazon.in/sspa/click?ie=UTF8&spc=MTo0MzU4NTg2OTMyOTc5OTg2OjE3NDUzMjQzMTc6c3BfYXRmOjMwMDQ4OTE1MDY1ODMzMjo6MDo6&url=%2FYo-kai-Footwear-System-Numeric-Medium%2Fdp%2FB0DNR49GF5%2Fref%3Dsr_1_1_sspa%3Fdib%3DeyJ2IjoiMSJ9.gsZiC3gU6vC0X_F_UDKYOhGhGaeRSmkuG9fbfme5AmkPrEHYbEBpHy5CBqtRgYh3KCDNQktpCHfGzZdUZ_MNh7Y25ZiF0oGtg81NYqV0KYTROZBtz01q_HeltpPNtJKnJFOvhsRVt-Kh2vlD_J-xitRnv1dl9lTKU1-ggm7g2B3kYG7_uKUUmXj7HKUusx3605mqrcA4Bis1WSU__LOCF3dQU63-gzz2MCRKInHC0foPSkx64heXPwGD6yw0q4QD9lXCCIpMfon9fC14opKEwrd_dF3yjP0-B985ZITFmLY.Vn-YkJsQDiHdq1IbFGBeV1zR77RbIH5_c4CE0av_2_I%26dib_tag%3Dse%26keywords%3DCrocs%2BWomens%2BCrocs%2BSplash%2BFlip%2BFlop%2BBlack%2B4UK%26nsdOptOutParam%3Dtrue%26qid%3D1745324317%26sr%3D8-1-spons%26sp_csd%3Dd2lkZ2V0TmFtZT1zcF9hdGY%26psc%3D1,N/A,499,N/A,N/A
94,GULANISHY3,Crocs Unisex All Terrain Flip Navy,Footwear,https://instamart-media-assets.swiggy.com/swiggy/image/upload/c1e7497e1dcbb1e58a5b07d42e355e37,6UK,https://www.swiggy.com/stores/instamart/p/GULANISHY3?custom_back=true,https://www.amazon.in/sspa/click?ie=UTF8&spc=MToxNjAwNDkyODkwMzQwNDMyOjE3NDUzMjQzMjA6c3BfYXRmOjMwMDQyOTA3Njk2MTgzMjo6MDo6&url=%2FYo-kai-Relaxed-Footwear-System-Numeric%2Fdp%2FB0DNZ2XTW2%2Fref%3Dsr_1_1_sspa%3Fdib%3DeyJ2IjoiMSJ9.TiuVB4toDyya09cm1dzQY1pngg-2pztRFuvrMZX5A1Xm2pTXGbm9upIHOD-4lshk3-Q_BNl7RJwMnrwebNALJsWfBiMUxpDDfzILaIzD9VDz54uXXD9to_lNqOA4lzxktTWxs6ZZe2IK7M-zCytQfoyGcJBW1slj50yhkYLv7OG1ZBhZJS_Q_HVodepmhJu-hjbjpkntVCQS_BquVBtE0vTphnmEMP2drNe7j9QPbirAzkBmUKKDBfnOqZwBHUxGcNC6lJLDZ6o0wXiCe72T4Fq5ADKYF4PM7Cjq6dkIabY.7IFjhBDb_N1mhNehv0h76KHJWAvkP4Bo_1YZzVPsPr8%26dib_tag%3Dse%26keywords%3DCrocs%2BUnisex%2BAll%2BTerrain%2BFlip%2BNavy%2B6UK%26nsdOptOutParam%3Dtrue%26qid%3D1745324320%26sr%3D8-1-spons%26sp_csd%3Dd2lkZ2V0TmFtZT1zcF9hdGY%26psc%3D1%26smid%3DA2WK3FD3AGEBYA,N/A,499,N/A,N/A
95,4QT2KGWE90,Crocs Womens Splash Glitter Flip Flop Grey_UK3,Footwear,https://instamart-media-assets.swiggy.com/swiggy/image/upload/NI_CATALOG/IMAGES/CIW/2024/2/27/1824ce49-fd0d-49a5-8d4a-ab7f5a2945d1_BeltsWalletsBagsinstamax_NJ4H63HYUR_MN.png,1Piece,https://www.swiggy.com/stores/instamart/p/4QT2KGWE90?custom_back=true,https://www.amazon.in/sspa/click?ie=UTF8&spc=MTo0MTUwNzE4NjQ0ODQ4OTE4OjE3NDUzMjQzMjQ6c3BfYXRmOjMwMDUyNDg4MTIyOTEzMjo6MDo6&url=%2FLUDIC-Collection-CloudFrame-Technology-Ultra-Soft%2Fdp%2FB0F29SYB4Q%2Fref%3Dsr_1_1_sspa%3Fdib%3DeyJ2IjoiMSJ9.EH7jGWRtfxSPSNCCXVcgtnYdXMwxZYy6rLSHS9_BUvg8d8LB7Pha4UTAyYLQ6yYJlIS7MmW2LiJ8TognvNVu4ViXMe36y1uCYSXFT_hS5PI61yrvpyKvHyv8kqNXuWF41BOITz2lC6cqTTHMk-w48A1aB8MDFx30-xxiqPsPKShufBn8jzQj7Hki-YCjE0vpBpUdPhIAN8SjxIcFV9PD1dDFwY9pv--PpC66g0v5PVJevgQOTVO_PhM4iSTSetetqbMSREYXW7MxkOAvo3pWYzeiAdMRAp3b8JAHWITbKAQ.TSrH1wKmxvQq640J9Z3FfJWyaow6bXebKJmRJ8ubrIg%26dib_tag%3Dse%26keywords%3DCrocs%2BWomens%2BSplash%2BGlitter%2BFlip%2BFlop%2BGrey_UK3%2B1Piece%26nsdOptOutParam%3Dtrue%26qid%3D1745324324%26sr%3D8-1-spons%26sp_csd%3Dd2lkZ2V0TmFtZT1zcF9hdGY%26psc%3D1,N/A,1999,N/A,N/A
96,HSEG6QHYRZ,"VI-JOHN Prakritik Tomato Face Serum, Moisturizes & Hydrates, Made With 100% Natural Bio Actives",Beauty and Grooming,https://instamart-media-assets.swiggy.com/swiggy/image/upload/NI_CATALOG/IMAGES/CIW/2025/1/13/e0521cc1-0ef1-4bb3-95fe-ce611825be23_156875_1.png,30ml,https://www.swiggy.com/stores/instamart/p/HSEG6QHYRZ?custom_back=true,https://www.amazon.in/sspa/click?ie=UTF8&spc=MToyMjQzMjM5NTg1MTEyNjU0OjE3NDUzMjQzMzE6c3BfYXRmOjMwMDUyODQ5NTk4NDAzMjo6MDo6&url=%2FJEPA-PROFESSIONALS-Hyaluronic-Brightening-Pigmentation%2Fdp%2FB0F3J32C5R%2Fref%3Dsr_1_1_sspa%3Fdib%3DeyJ2IjoiMSJ9.MmwqGGIpyeW3RwhimLnzZ1FuoSXHDiGgwcwU74Zhs1ngp-duOAszSt0z7Flfoj0D79ikx6oEl9jH_tzFEEgBfsrGV7DLM8sSlKKFOO7aM6npxYr-XsZ4ypKzKQ7tKbGnSzWAzomEMWyubx0JGKKiqi_RYTqDLxILMSykcBiGUL4n_FzPom5w_0U158muAd4LAZ1XUiK0aeLwJsMRM33eHQ6iCEQ_QiCro6VX8BeTmiSr2iAdigs7V6eJFWXMjb9EmpWsCaUxYpTj0FatYY3NB8Ne3BlXchrk6BRNjmb3Bqo.sG7KG3tMWG4oriLE4IuZbBcHj6kTroJp-5B84DPpZnw%26dib_tag%3Dse%26keywords%3DVI-JOHN%2BPrakritik%2BTomato%2BFace%2BSerum%252C%2BMoisturizes%26qid%3D1745324331%26sr%3D8-1-spons%26sp_csd%3Dd2lkZ2V0TmFtZT1zcF9hdGY%26psc%3D1,N/A,599.,N/A,N/A
97,EUZIAP6ISD,Crocs Womens Flip Flop Black,Footwear,https://instamart-media-assets.swiggy.com/swiggy/image/upload/NI_CATALOG/IMAGES/CIW/2024/2/22/759f0308-5972-4aee-bca2-36cf53b91797_BeltsWalletsBagsinstamax_5XVP0I6ZBX_MN.png,3UK,https://www.swiggy.com/stores/instamart/p/EUZIAP6ISD?custom_back=true,https://www.amazon.in/sspa/click?ie=UTF8&spc=MTo2ODMzMDQzNTQxMTMwOTk3OjE3NDUzMjQzMzI6c3BfYXRmOjMwMDQ4OTE1MDY1ODMzMjo6MDo6&url=%2FYo-kai-Footwear-System-Numeric-Medium%2Fdp%2FB0DNR49GF5%2Fref%3Dsr_1_1_sspa%3Fdib%3DeyJ2IjoiMSJ9.nufuQGSSzY5mqXU44Wu69K011TXz0ZJl1-n4Uz9sRsAyCo_gwoqvN11YwoYgRXtv-DJvu8OJgnqyfEIqcFjryXsUsFGG9BJ6E9XORin3RIOn8Izfq6j9sXysrK9vKjRUKoh7JeH0lUQ6dY6ga3tirGyv8vLdUhARHoaTmjVogab9r8YSsXNDdTcx_k_uZpdInvKnbH9gD-lhDkVrgLafalBTr7CR6f8fjwaXtomaU3SIHDwR-AZxJoHnD-9c_NbLvlgaq0PhkGC2lV6eP2uTtUu43-0aZ_8YVmFpa_fpfeU.KGABQ30zRQLtQ-cQVEbB5VwKv8Xy9kNnZWLzZpHN4Rw%26dib_tag%3Dse%26keywords%3DCrocs%2BWomens%2BFlip%2BFlop%2BBlack%2B3UK%26nsdOptOutParam%3Dtrue%26qid%3D1745324331%26sr%3D8-1-spons%26sp_csd%3Dd2lkZ2V0TmFtZT1zcF9hdGY%26psc%3D1,N/A,499,N/A,N/A
98,CBTG0RBYLU,Delight foods Calcutta Meetha Paan,Paan Corner,https://instamart-media-assets.swiggy.com/swiggy/image/upload/NI_CATALOG/IMAGES/CIW/2024/12/27/7ea72de0-30d0-493b-b2b6-22fbcf87f22a_639931_1.png,300g,https://www.swiggy.com/stores/instamart/p/CBTG0RBYLU?custom_back=true,https://www.amazon.in/sspa/click?ie=UTF8&spc=MToxMDc0MTM2Mjk4MTM2NDgxOjE3NDUzMjQzMzQ6c3BfYXRmOjMwMDI3Mjc1MTkzMzAzMjo6MDo6&url=%2FGudhgrams-flaxseed-Sugar-Free-Digestive-Freshener%2Fdp%2FB0D9P73TMF%2Fref%3Dsr_1_1_sspa%3Fdib%3DeyJ2IjoiMSJ9.sgAEzHms-tZhy01GK7D-YrOfrOYhFCNjH1tFvE49a2JNF-ZBWrubVEi6gncDoIWC1XsYjVw7eMJUSd7YsAV4a1C-cunEiR4i8xyT3Dvy-vmntkFzfDa7BLmz_AB0COiRD2SvFXmnQxiO3YCkEPO6JPReYBHYiWNWL2MSM0u5OBj8uFa1szodAp7DPNlRYoKWgcYW0wpDvtRtENfqD4_bEHecTfFEUXMN99l3x5OnzEBx_sUdtWi7-jJWlgc7LqUlsdfXkVNK5Groh6A9g9-XjjTzJDC4NOcBwSAjjP_8AtM.N_087kEA9OVVyEtj5rdIKm2IcqJSkhuZo5yK7FG8-3c%26dib_tag%3Dse%26keywords%3DDelight%2Bfoods%2BCalcutta%2BMeetha%2BPaan%2B300g%26qid%3D1745324334%26sr%3D8-1-spons%26sp_csd%3Dd2lkZ2V0TmFtZT1zcF9hdGY%26psc%3D1,N/A,416.,150,g
99,6PU8ZOW7U9,Crocs Mens Classic Sandal White_UK10,Footwear,https://instamart-media-assets.swiggy.com/swiggy/image/upload/NI_CATALOG/IMAGES/CIW/2024/2/28/79f3eb27-95cb-459e-a3eb-5fd9470ea79e_BeltsWalletsBagsinstamax_8BGHMV35FT_MN.PNG,10UK,https://www.swiggy.com/stores/instamart/p/6PU8ZOW7U9?custom_back=true,https://www.amazon.in/sspa/click?ie=UTF8&spc=MTo1MzgwNjE0NDkzODI4ODM3OjE3NDUzMjQzMzg6c3BfYXRmOjMwMDUxNDc2Njc2MDkzMjo6MDo6&url=%2FImpakto-Adjustable-Comfortable-Lightweight-Waterproof%2Fdp%2FB0F1Y184FQ%2Fref%3Dsr_1_1_sspa%3Fdib%3DeyJ2IjoiMSJ9.XCO4I7bxShIXvVmuW7LmkWbfXrXI4hXYNSglCwdoRjI48ObhvsnSNiwY86DEs8_Tr97hihRaLRTL94Fnuz1Ssm-RYXZ80ZCvoeyPWatiFQtFg9-9ad_BaSnsJhniTSY50yQJ2ZRQ535Rsx0u3Q8HpdeHPF5zBpWHuoC0fJVA6NDGkPcFqTLJnH8j61ZJHoEMEBimQGq4YR67bVWIDIpMySINLnlVbHadTKPoXEvmSAAErIW7DRzUvcPoiKaaC8MVSHs8vzwCj2PmUFWL4wuAVx5-VmoDD0WWpmQ2Y3yUk9I.GncFMQ_Aq3aMtYe_0I5bftiLofBtg0yRKtAhd1O8--A%26dib_tag%3Dse%26keywords%3DCrocs%2BMens%2BClassic%2BSandal%2BWhite_UK10%2B10UK%26nsdOptOutParam%3Dtrue%26qid%3D1745324338%26sr%3D8-1-spons%26sp_csd%3Dd2lkZ2V0TmFtZT1zcF9hdGY%26psc%3D1,N/A,599,N/A,N/A
100,H6JRPYHJB2,Sipon Delightful Mango Flavoured Refreshing Summer Drink,Cold Drinks and Juices,0,250ml,https://www.swiggy.com/stores/instamart/p/H6JRPYHJB2?custom_back=true,https://www.amazon.in/sspa/click?ie=UTF8&spc=MTo0MTEwNTU1ODI0NDgwNzA6MTc0NTMyNDM0MDpzcF9hdGY6MzAwNTM2MTM3ODM4NDMyOjowOjo&url=%2FRosa-Mystica-Malta-Squash-500%2Fdp%2FB0F4T7RRPS%2Fref%3Dsr_1_1_sspa%3Fdib%3DeyJ2IjoiMSJ9.M86aptDzwfc8rK1_mlXVEhWkeVT7nkqL38Ld28o1rvztKb9JWTxjW7y3MtW7yrPy5x0we7zOsY6DMiQsAVnoBzDLblarQxpos5bPIP8DADk411f-8ho6WzaIHnVQELg0NDNejHSL8mv3TQ-J07mxJpw7II7zwLBJE6iS0TbhNJ0VqGxUxM6wAg5nD_dk6tLQh2xf__lzkLBYX07Iu0CTuEuFnZT-bb3CHhZzBnuPXCVR0oHF2A6YYBpXN14KshXkCh45WytilTT30jsNq_e1fpm_tHtTi7m1X2eDbZfR7Xg.7qavvpP7cPzCWnCJ51yJ80RFoVYirgtECYionrSuNfU%26dib_tag%3Dse%26keywords%3DSipon%2BDelightful%2BMango%2BFlavoured%2BRefreshing%2BSummer%2BDrink%2B250ml%26qid%3D1745324340%26sr%3D8-1-spons%26sp_csd%3Dd2lkZ2V0TmFtZT1zcF9hdGY%26psc%3D1,N/A,299.,500,ml
